OBJECTID,UIDENTSTLAE,ULAND,UREGBEZ,UKREIS,UGEMEINDE,UJAHR,UMONAT,USTUNDE,UWOCHENTAG,UKATEGORIE,UART,UTYP1,ULICHTVERH,IstStrassenzustand,IstRad,IstPKW,IstFuss,IstKrad,IstGkfz,IstSonstige,LINREFX,LINREFY,XGCSWGS84,YGCSWGS84,index_right,FID,SBZ,Name
245890,14220107148110012180,14,7,13,000,2022,01,16,6,3,3,6,1,1,0,1,0,0,0,0,"736076,742624648963101","5694751,799766220152378",12.390738066,51.354907134,9,9,9,Nord
245892,14220117148410048160,14,7,13,000,2022,01,09,2,3,5,3,0,0,0,1,0,0,0,1,"735922,723719452042133","5692740,451098009943962",12.387197309,51.336916751,0,0,0,Mitte
245893,14220325144200189590,14,7,13,000,2022,03,16,6,3,2,6,0,0,0,1,0,0,0,0,"737888,300230546039529","5693525,060439810156822",12.4158879780001,51.343140615,2,2,2,Ost
245898,14220121148310048150,14,7,13,000,2022,01,15,6,3,5,2,0,0,1,1,0,0,0,0,"732653,441440362017602","5691452,487458749674261",12.3395047400001,51.32670196,5,5,5,Südwest
245901,14220331148410212920,14,7,13,000,2022,03,10,5,3,3,6,0,0,0,1,0,0,0,0,"735102,863452889025211","5693945,730802379548550",12.3762440720001,51.348075286,0,0,0,Mitte
245904,14220214144200124690,14,7,13,000,2022,02,15,2,3,3,5,0,0,1,1,0,0,0,0,"737179,258990271948278","5692006,541019299998879",12.4047150320001,51.3298064630001,3,3,3,Südost
245906,14220108148310011300,14,7,13,000,2022,01,14,7,3,1,7,0,0,0,1,0,0,0,0,"732307,409520867047831","5691299,751732230186462",12.3344472950001,51.325472292,5,5,5,Südwest
245910,14220329144200196210,14,7,13,000,2022,03,16,3,3,6,4,0,0,1,0,1,0,0,0,"735067,821294678025879","5690878,807561250403523",12.3737182840001,51.320559926,4,4,4,Süd
245915,14220106148110048130,14,7,13,000,2022,01,10,5,3,5,3,0,0,0,1,0,0,0,1,"735476,848010913003236","5697589,017256090417504",12.3840168180001,51.3806235600001,9,9,9,Nord
245916,14220315148210166810,14,7,13,000,2022,03,10,3,2,5,3,0,0,1,0,0,0,0,1,"735477,845668522990309","5689896,750650649890304",12.378943631,51.3115751030001,4,4,4,Süd
245927,14220211148210095520,14,7,13,000,2022,02,12,6,3,5,3,0,0,1,1,0,0,0,0,"735282,007474381010979","5690886,425924959592521",12.376791606,51.320539792,4,4,4,Süd
245935,14220129148310067180,14,7,13,000,2022,01,14,7,3,5,3,0,0,0,1,0,0,0,0,"727206,856001358013600","5693565,261989150196314",12.26280982,51.3478705640001,7,7,7,Alt-West
245936,14220331148110236830,14,7,13,000,2022,03,19,5,3,5,3,0,0,1,1,0,0,0,0,"737298,214001526008360","5695376,856984729878604",12.408665506,51.3600089890001,1,1,1,Nordost
245942,14220118144200038080,14,7,13,000,2022,01,11,3,3,6,4,0,0,0,1,1,0,0,0,"735483,981801836052909","5697592,333608520217240",12.3841213420001,51.3806503700001,9,9,9,Nord
245950,14220313662242225920,14,7,13,000,2022,03,16,1,3,0,1,0,0,1,0,0,0,0,0,"730670,562974611995742","5695920,011662419885397",12.3139884600001,51.367614034,8,8,8,Nordwest
245953,14220213144200162960,14,7,13,000,2022,02,09,1,2,5,3,0,0,0,1,0,0,0,0,"734645,089355977019295","5695406,433659509755671",12.370645476,51.3613762520001,9,9,9,Nord
245954,14220223144200124660,14,7,13,000,2022,02,11,4,3,2,6,0,0,0,1,0,0,0,0,"737994,944709356990643","5695104,945187429897487",12.418472692,51.357276949,1,1,1,Nordost
245955,14220114144200067800,14,7,13,000,2022,01,10,6,3,5,2,0,0,0,1,0,0,0,0,"735469,827001490048133","5697585,800985580310225",12.3839139770001,51.3805976020001,9,9,9,Nord
245965,14220113144200081740,14,7,13,000,2022,01,15,5,3,5,3,0,1,0,1,0,0,0,0,"732332,971174629055895","5691371,982185290195048",12.334860609,51.3261102490001,5,5,5,Südwest
245967,14220328148310205700,14,7,13,000,2022,03,04,2,3,5,2,2,0,1,1,0,0,0,0,"731779,961451241048053","5691739,879025650210679",12.327176453,51.329638361,5,5,5,Südwest
245969,14220311144200162700,14,7,13,000,2022,03,15,6,3,1,5,0,0,1,1,0,0,0,0,"739304,819123988039792","5694383,326958700083196",12.4367657770001,51.35024982,2,2,2,Ost
245970,14220305148410163250,14,7,13,000,2022,03,21,7,3,5,3,2,0,0,1,0,0,0,0,"734635,152716940036044","5690884,776068010367453",12.36752403,51.3207920720001,4,4,4,Süd
245972,14220221144200190420,14,7,13,000,2022,02,13,2,3,2,6,0,0,0,1,0,0,0,1,"738998,675929971039295","5697676,301916140131652",12.434590449,51.3799356330001,1,1,1,Nordost
245973,14220112144200021140,14,7,13,000,2022,01,14,4,2,5,2,0,0,0,1,0,1,0,0,"740595,140001554973423","5700202,186982859857380",12.459199327,51.401932564,1,1,1,Nordost
245975,14220404148110224220,14,7,13,000,2022,04,14,2,3,0,7,0,0,0,0,0,0,0,1,"733041,589088815962896","5695737,390167780220509",12.347870615,51.3650070260001,8,8,8,Nordwest
245980,14220402148410206330,14,7,13,000,2022,04,02,7,3,0,1,2,0,1,0,0,0,0,0,"734485,564261015970260","5693092,018107719719410",12.36683348,51.340666953,0,0,0,Mitte
245981,14220301148410137130,14,7,13,000,2022,03,14,3,3,5,2,0,0,1,1,0,0,0,0,"735318,751365556963719","5692594,018611020408571",12.3784454140001,51.3358525560001,0,0,0,Mitte
245982,14220208144200096570,14,7,13,000,2022,02,15,3,3,3,6,0,0,0,1,0,0,0,1,"733789,865503955050372","5695668,768165280111134",12.358555429,51.364083619,9,9,9,Nord
245983,14220216148110112640,14,7,13,000,2022,02,12,4,3,1,3,0,0,0,1,0,0,0,0,"737303,691504869959317","5694404,178693380206823",12.4080953920001,51.3512759130001,1,1,1,Nordost
245989,14220329144200282080,14,7,13,000,2022,03,16,3,3,5,2,0,0,1,0,0,0,0,1,"731944,173646201030351","5693125,988154370337725",12.330431892,51.3420142300001,7,7,7,Alt-West
245990,14220301148210130590,14,7,13,000,2022,03,08,3,3,6,4,0,0,0,1,1,0,0,0,"738676,088304711040109","5694198,211956829763949",12.427629542,51.3488525910001,2,2,2,Ost
246006,14220302144000163230,14,7,13,000,2022,03,15,4,2,4,6,0,0,1,0,0,0,0,1,"732057,055945263942704","5692937,719537460245192",12.331927126,51.3402781300001,7,7,7,Alt-West
246010,14220316144200274630,14,7,13,000,2022,03,13,4,2,5,3,0,0,0,1,0,1,0,0,"730574,125697433017194","5690078,199224480427802",12.308823214,51.3152115280001,5,5,5,Südwest
246011,14220121148210087400,14,7,13,000,2022,01,08,6,3,6,3,0,1,1,0,1,0,0,0,"735058,560801487998106","5690901,541465380229056",12.373600611,51.3207678200001,4,4,4,Süd
246014,14220331148310224820,14,7,13,000,2022,03,21,5,3,0,7,2,1,1,0,0,0,0,0,"732575,997028650948778","5692084,722192269749939",12.338807735,51.3324090150001,7,7,7,Alt-West
246015,14220227144200224530,14,7,13,000,2022,02,17,1,3,5,3,0,0,1,1,0,0,0,0,"731968,661638736957684","5688704,403650010004640",12.3279060360001,51.302312516,5,5,5,Südwest
246016,14220122145500048490,14,7,13,000,2022,01,01,7,2,0,1,2,1,1,0,0,0,0,0,"732689,538388423039578","5692688,966976019553840",12.3408293910001,51.337786694,7,7,7,Alt-West
246020,14220305148110143330,14,7,13,000,2022,03,19,7,3,3,6,2,0,1,1,0,0,0,0,"734069,678743885946460","5696101,962046329863369",12.3628528310001,51.3678569480001,9,9,9,Nord
246022,14220218148110112440,14,7,13,000,2022,02,11,6,3,2,2,0,1,0,1,0,0,0,0,"738715,332225434947759","5697121,875861040316522",12.430154036,51.3750784060001,1,1,1,Nordost
246031,14220302148110136820,14,7,13,000,2022,03,14,4,3,3,2,0,0,1,0,0,0,0,1,"733988,400368251022883","5695455,778825430199504",12.3612621400001,51.3620900010001,9,9,9,Nord
246037,14220316148410206070,14,7,13,000,2022,03,08,4,3,5,3,0,0,1,1,0,0,0,0,"736371,706769283977337","5691134,897801489569247",12.392566446,51.322318533,0,0,0,Mitte
246040,14220329144200196240,14,7,13,000,2022,03,17,3,2,0,1,0,0,1,0,0,0,0,0,"734984,351778661017306","5692596,732458240352571",12.3736552080001,51.3360151800001,0,0,0,Mitte
246043,14220405144310645910,14,7,13,000,2022,04,17,3,3,5,3,0,0,1,1,0,0,0,0,"734263,873732020030729","5691962,730259410105646",12.3629136610001,51.3306213010001,0,0,0,Mitte
246044,14220124144200049130,14,7,13,000,2022,01,12,2,3,5,3,0,1,1,1,0,0,0,0,"741844,363142614020035","5695462,908417370170355",12.4738993890001,51.3588647710001,2,2,2,Ost
246053,14220404144200212880,14,7,13,000,2022,04,19,2,3,5,3,0,1,1,1,0,0,0,0,"737947,639801991987042","5695944,556260160170496",12.418356121,51.364833048,1,1,1,Nordost
246055,14220119144200047610,14,7,13,000,2022,01,17,4,3,3,5,1,0,1,1,0,0,0,0,"735008,803416723036207","5691972,800875400193036",12.3735940770001,51.3304044270001,0,0,0,Mitte
246060,14220209148410112460,14,7,13,000,2022,02,10,4,3,5,2,0,0,1,1,0,0,0,0,"737369,886070888955146","5693161,207859690301120",12.408215603,51.340091316,2,2,2,Ost
246062,14220411148410225820,14,7,13,000,2022,04,15,2,3,5,2,0,0,1,1,0,0,0,0,"734251,832068674964830","5693606,071884419769049",12.363821832,51.3453776740001,0,0,0,Mitte
246064,14220318144200177450,14,7,13,000,2022,03,17,6,3,4,6,1,0,1,1,0,0,0,0,"735311,891712123993784","5693450,553248330019414",12.3789130010001,51.3435439310001,0,0,0,Mitte
246066,14220324144200189580,14,7,13,000,2022,03,16,5,2,5,2,0,0,1,1,0,0,0,0,"736335,857199750957079","5692764,369455610401928",12.393133473,51.336959914,0,0,0,Mitte
246069,14220204148410081780,14,7,13,000,2022,02,20,6,3,3,7,2,0,1,1,0,0,0,0,"737406,507001533056609","5693749,979984720237553",12.409132927,51.3453608730001,2,2,2,Ost
246074,14220322144200182870,14,7,13,000,2022,03,18,3,3,5,2,1,0,1,1,0,0,0,0,"734295,718001489993185","5690913,709986279718578",12.3626804300001,51.3211916600001,4,4,4,Süd
246076,14220115144200112940,14,7,13,000,2022,01,19,7,3,5,3,2,0,0,1,0,0,0,0,"733092,968365069013089","5690610,864112099632621",12.345251908,51.31896708,5,5,5,Südwest
246078,14220201144100087370,14,7,13,000,2022,02,08,3,3,0,1,0,1,1,0,0,0,0,0,"737446,873522100038826","5696968,714623060077429",12.411859758,51.374235377,1,1,1,Nordost
246080,14220305144200143030,14,7,13,000,2022,03,10,7,3,5,3,0,0,1,1,0,0,0,0,"737268,013005560962483","5694404,727533459663391",12.4075843250001,51.3512957340001,1,1,1,Nordost
246082,14220215144200102410,14,7,13,000,2022,02,16,3,3,5,3,0,0,1,1,0,0,0,0,"734624,560113654006273","5694792,798721319995821",12.369946457,51.355876509,9,9,9,Nord
246092,14220406148410225850,14,7,13,000,2022,04,07,4,3,5,2,0,1,1,1,0,0,0,0,"735588,830425739986822","5692241,938939169980586",12.382082853,51.332580369,0,0,0,Mitte
246094,14220123144200096280,14,7,13,000,2022,01,17,1,3,3,5,2,1,1,1,0,0,0,0,"736800,886616052943282","5693328,355394190177321",12.400172366,51.3418288870001,2,2,2,Ost
246095,14220131144200081750,14,7,13,000,2022,01,17,2,3,6,2,2,1,0,1,1,0,0,0,"733899,550310726976022","5695032,227012460120022",12.3597096820001,51.3583245820001,9,9,9,Nord
246096,14220311148310162500,14,7,13,000,2022,03,09,6,3,5,2,0,0,0,0,0,0,1,1,"732609,199393264017999","5692304,308332669548690",12.339426868,51.334366597,7,7,7,Alt-West
246103,14220404662212225480,14,7,13,000,2022,04,17,2,3,0,7,0,1,1,0,0,0,0,0,"736226,125240787048824","5693691,500599070452154",12.392175944,51.3453276230001,0,0,0,Mitte
246107,14220128148110067500,14,7,13,000,2022,01,11,6,3,4,2,0,0,0,1,0,0,0,0,"735997,795200668042526","5699791,832843120209873",12.392953054,51.4001800360001,9,9,9,Nord
246110,14220207144200082410,14,7,13,000,2022,02,16,2,3,5,2,0,0,1,1,0,0,0,0,"734287,236683806055225","5698407,511063730344176",12.3674926030001,51.3884627510001,9,9,9,Nord
246114,14220118148310037850,14,7,13,000,2022,01,12,3,3,5,3,0,1,1,1,0,0,0,0,"731827,990472596022300","5691415,476040390320122",12.3276536430001,51.326706684,5,5,5,Südwest
246119,14220410148410244690,14,7,13,000,2022,04,21,1,3,3,6,2,0,1,1,0,0,0,0,"734224,280902307014912","5692082,235375639982522",12.362424897,51.3317103420001,0,0,0,Mitte
246127,14220406148410213580,14,7,13,000,2022,04,10,4,3,6,6,0,1,0,0,1,0,1,0,"737249,303208202007227","5692212,281422959640622",12.405855586,51.331623999,3,3,3,Südost
246137,14220120148410047650,14,7,13,000,2022,01,10,5,3,5,3,0,0,1,0,0,0,0,0,"735158,972495984984562","5693258,203959589824080",12.3765942650001,51.341880605,0,0,0,Mitte
246141,14220301148323428940,14,7,13,000,2022,03,19,3,2,4,6,0,0,1,0,0,0,0,0,"731504,078992769005708","5688732,323707309551537",12.3212711050001,51.3027522300001,5,5,5,Südwest
246151,14220120145500081081,14,7,13,000,2022,01,10,5,2,0,1,0,0,0,0,0,1,0,0,"732206,341250197030604","5691072,320765890181065",12.3328510920001,51.3234719550001,5,5,5,Südwest
246158,14220411143263238420,14,7,13,000,2022,04,15,2,2,4,6,0,0,1,0,0,0,0,0,"736145,147876837989315","5691821,707758629694581",12.389775817,51.328577582,0,0,0,Mitte
246159,14220309148310177240,14,7,13,000,2022,03,08,4,3,5,3,0,0,1,1,0,0,0,0,"733064,432361716055311","5691843,231387429870665",12.345648834,51.3300413110001,5,5,5,Südwest
246162,14220117144200087140,14,7,13,000,2022,01,18,2,3,5,3,2,1,1,1,0,0,0,0,"732181,278564753010869","5692994,176548539660871",12.3337443070001,51.340734221,7,7,7,Alt-West
246164,14220329148110206880,14,7,13,000,2022,03,10,3,3,1,5,0,0,0,1,0,0,0,0,"733149,399820819031447","5695675,037096500396729",12.3493757050001,51.3644030780001,8,8,8,Nordwest
246165,14220228148310137120,14,7,13,000,2022,02,06,2,3,5,2,1,0,1,1,0,0,0,0,"731873,959505019942299","5692907,123865730129182",12.3292830340001,51.3400781710001,7,7,7,Alt-West
246170,14220315144200164080,14,7,13,000,2022,03,07,3,3,5,3,0,0,1,1,0,0,0,0,"735837,418820013990626","5694976,313858189620078",12.3874559440001,51.3570217820001,9,9,9,Nord
246171,14220205148110096590,14,7,13,000,2022,02,10,7,3,5,2,0,0,0,1,0,0,0,0,"738813,623613588046283","5696081,080063380300999",12.4308646110001,51.3656951180001,1,1,1,Nordost
246180,14220312148410225830,14,7,13,000,2022,03,09,7,3,5,3,0,0,1,1,0,0,0,0,"737181,635847909958102","5693664,414726969785988",12.4058529320001,51.3446866890001,2,2,2,Ost
246184,14220411144200237680,14,7,13,000,2022,04,23,2,3,5,3,2,0,0,1,0,0,0,0,"732437,815869717043824","5691679,397478950209916",12.3365632700001,51.3288270100001,5,5,5,Südwest
246187,14220404148210237460,14,7,13,000,2022,04,19,2,3,0,1,0,1,1,0,0,0,0,0,"742016,958380953990854","5693159,158595610409975",12.47480755,51.338114203,2,2,2,Ost
246192,14220303144200162240,14,7,13,000,2022,03,16,5,3,5,3,0,0,0,1,0,0,0,1,"730257,454628061968833","5691362,774447089992464",12.3051165630001,51.3268714100001,6,6,6,West
246199,14220324148110190471,14,7,13,000,2022,03,16,5,3,3,5,0,0,0,1,0,1,0,0,"732082,548838519025594","5696261,875056480057538",12.3344604770001,51.3701077470001,8,8,8,Nordwest
246200,14220330148110206500,14,7,13,000,2022,03,19,4,3,2,6,1,0,1,1,0,0,0,0,"734255,148594171041623","5694790,762119679711759",12.364649037,51.3560106150001,9,9,9,Nord
246203,14220406144200213240,14,7,13,000,2022,04,15,4,2,6,4,0,0,0,1,1,0,0,0,"738903,983839679975063","5694863,115038760006428",12.431342344,51.354724914,1,1,1,Nordost
246211,14220117148410032150,14,7,13,000,2022,01,17,2,3,0,1,2,1,1,0,0,0,0,0,"734595,601216859999113","5695312,338623619638383",12.3698738530001,51.360552054,9,9,9,Nord
246221,14220212144200102420,14,7,13,000,2022,02,16,7,2,5,3,0,0,1,0,0,0,0,1,"736378,128642047056928","5687632,830812290310860",12.390338679,51.290880396,4,4,4,Süd
246223,14220113148223031590,14,7,13,000,2022,01,04,5,3,1,1,2,0,0,1,0,0,0,0,"734836,645280097029172","5690881,328442689962685",12.3704082460001,51.320678006,4,4,4,Süd
246231,14220211148410096610,14,7,13,000,2022,02,12,6,3,2,6,0,0,0,1,0,0,0,0,"734658,217419360997155","5693293,946354269981384",12.3694409510001,51.3424083210001,0,0,0,Mitte
246233,14220309148410166830,14,7,13,000,2022,03,16,4,3,5,2,0,0,0,1,0,1,0,0,"735040,775602348032407","5691403,407311179675162",12.3736766980001,51.325280117,0,0,0,Mitte
246234,14220111148210066040,14,7,13,000,2022,01,11,3,3,1,7,0,0,1,1,0,0,0,0,"736507,585002316976897","5693784,498783069662750",12.3962718240001,51.3460453750001,2,2,2,Ost
246235,14220321148220178060,14,7,13,000,2022,03,12,2,3,6,4,0,0,0,0,1,0,0,1,"735318,426113629015163","5689606,305097210220993",12.3764687660001,51.3090338760001,4,4,4,Süd
246238,14220327148110212890,14,7,13,000,2022,03,21,1,2,5,3,2,0,1,1,0,0,0,0,"733873,442691797041334","5695333,351802290417254",12.3595333230001,51.361038367,9,9,9,Nord
246246,14220105148110002150,14,7,13,000,2022,01,14,4,3,2,6,0,0,1,1,0,0,0,0,"736386,667558511951938","5696679,119627280160785",12.3964619660001,51.3720781960001,9,9,9,Nord
246247,14220314143263213490,14,7,13,000,2022,03,07,2,3,1,6,1,0,1,1,0,0,0,0,"731949,465998464031145","5692896,828681910410523",12.3303584980001,51.3399549590001,7,7,7,Alt-West
246251,14220226148110137520,14,7,13,000,2022,02,17,7,3,6,4,0,0,0,1,1,0,0,0,"737656,736821547965519","5691497,875917280092835",12.411217046,51.325041383,3,3,3,Südost
246253,14220405148415213310,14,7,13,000,2022,04,17,3,3,5,3,0,1,0,1,0,0,0,0,"734064,591147867962718","5692451,514152459800243",12.360379283,51.3350909110001,0,0,0,Mitte
246258,14220210144200166750,14,7,13,000,2022,02,16,5,3,6,4,0,0,0,0,1,0,0,1,"736536,647001522011124","5693017,731985160149634",12.3961790720001,51.3391506630001,2,2,2,Ost
246267,14220401145200225340,14,7,13,000,2022,04,14,6,3,5,3,0,0,1,1,0,0,0,0,"736367,241500318981707","5693790,243785420432687",12.39426409,51.346155309,0,0,0,Mitte
246268,14220303148310136830,14,7,13,000,2022,03,08,5,3,5,3,0,0,0,1,0,0,0,0,"730670,355244533042423","5690369,866474390029907",12.3103903160001,51.317790829,5,5,5,Südwest
246271,14220107148110082450,14,7,13,000,2022,01,09,6,3,3,6,0,0,1,1,0,0,0,0,"737434,890712362015620","5694584,510405750013888",12.410096358,51.3528397860001,1,1,1,Nordost
246282,14220310148310163240,14,7,13,000,2022,03,15,5,3,1,5,0,0,1,1,0,0,0,0,"732046,611343896947801","5692643,755449569784105",12.3315859200001,51.337643546,7,7,7,Alt-West
246295,14220407148110237440,14,7,13,000,2022,04,04,5,3,2,6,2,0,0,1,0,0,0,0,"734502,901826346991584","5695451,634915550239384",12.3686365610001,51.3618406950001,9,9,9,Nord
246300,14220324148210183370,14,7,13,000,2022,03,08,5,3,5,3,0,0,0,0,0,0,0,1,"739612,388001583982259","5689037,026983690448105",12.437580543,51.302133026,3,3,3,Südost
246302,14220222144200124230,14,7,13,000,2022,02,09,3,2,6,7,0,0,0,0,1,0,0,1,"735036,128851337009110","5692908,140513800084591",12.3746026530001,51.3387890990001,0,0,0,Mitte
246303,14220115148320038110,14,7,13,000,2022,01,20,7,3,0,1,2,0,0,0,0,0,0,1,"732798,489436457981355","5690586,815158110111952",12.341017688,51.318871744,5,5,5,Südwest
246305,14220122144200095510,14,7,13,000,2022,01,18,7,3,5,2,2,1,0,1,0,0,0,0,"735088,428740391973406","5689716,466709310188890",12.373247373,51.3101177610001,4,4,4,Süd
246306,14220201148210067810,14,7,13,000,2022,02,07,3,3,2,2,0,1,0,1,0,0,0,0,"735183,998699750052765","5688969,072096629999578",12.374123562,51.3033693560001,4,4,4,Süd
246311,14220218148410113250,14,7,13,000,2022,02,12,6,2,0,1,0,1,1,0,0,0,0,0,"734053,060466686030850","5692307,877161559648812",12.3601196860001,51.3338062970001,0,0,0,Mitte
246324,14220411148110225350,14,7,13,000,2022,04,08,2,3,5,3,0,0,1,1,0,0,0,0,"740593,887444674037397","5700202,287600980140269",12.459181422,51.4019339980001,1,1,1,Nordost
246326,14220318144200177000,14,7,13,000,2022,03,15,6,3,5,3,0,0,0,1,0,0,0,0,"734643,237001489964314","5693250,869986070320010",12.369197865,51.342027832,0,0,0,Mitte
246331,14220204144200082430,14,7,13,000,2022,02,11,6,3,5,2,0,0,0,1,0,0,0,1,"736735,307764795026742","5689059,434158010408282",12.3963978960001,51.3035375970001,4,4,4,Süd
246335,14220314145400163630,14,7,13,000,2022,03,20,2,3,5,3,2,1,0,1,0,0,0,0,"737627,273483008961193","5695336,888735259883106",12.413356578,51.3595127250001,1,1,1,Nordost
246336,14220203144200096250,14,7,13,000,2022,02,13,5,2,5,3,0,1,0,0,0,0,1,1,"729820,706685959012248","5700950,635525760240853",12.305056183,51.413118099,8,8,8,Nordwest
246340,14220118148410037860,14,7,13,000,2022,01,06,3,3,0,1,2,1,1,0,0,0,0,0,"736127,396722472039983","5691131,133666940033436",12.3890640380001,51.322386183,0,0,0,Mitte
246342,14220329148410206080,14,7,13,000,2022,03,16,3,3,2,6,0,0,0,1,0,0,0,0,"734865,712112040026113","5694234,168517510406673",12.373035057,51.3507624370001,0,0,0,Mitte
246349,14220203144200096040,14,7,13,000,2022,02,10,5,3,5,3,0,1,1,1,0,0,0,0,"731374,794432666036300","5691608,655835639685392",12.321285629,51.3286253310001,7,7,7,Alt-West
246352,14220115144200031380,14,7,13,000,2022,01,06,7,2,8,1,2,1,0,1,0,0,0,0,"744465,007025260943919","5689436,903092909604311",12.5073335500001,51.3036594220001,2,2,2,Ost
246357,14220211148310095540,14,7,13,000,2022,02,07,6,3,5,3,0,1,1,1,0,0,0,0,"733393,100709308055229","5690624,239347229711711",12.3495601400001,51.31896413,5,5,5,Südwest
246366,14220302148310137530,14,7,13,000,2022,03,16,4,2,0,1,0,0,0,0,0,1,0,0,"730547,789834987022914","5691048,700975970365107",12.309073445,51.3239343920001,7,7,7,Alt-West
246370,14220309148222162490,14,7,13,000,2022,03,08,4,2,2,7,0,0,1,0,0,0,0,1,"737429,564054445014335","5694759,848562009632587",12.410136976,51.3544158490001,1,1,1,Nordost
246375,14220330144200205600,14,7,13,000,2022,03,18,4,2,9,7,0,1,0,0,0,0,0,1,"738288,800124709960073","5696256,028787779621780",12.4234565410001,51.367485802,1,1,1,Nordost
246377,14220203148410082460,14,7,13,000,2022,02,23,5,3,0,1,2,1,1,0,0,0,0,0,"734916,597987062996253","5692121,188441730104387",12.3723707350001,51.3317744990001,0,0,0,Mitte
246381,14220314144200206010,14,7,13,000,2022,03,06,2,3,3,6,0,0,1,1,0,0,0,0,"735087,747491969028488","5694522,900920440442860",12.376408596,51.3532624100001,0,0,0,Mitte
246385,14220223144200238430,14,7,13,000,2022,02,14,4,2,6,4,0,0,0,0,1,0,0,1,"730935,223657550057396","5691796,587969800457358",12.315108911,51.330491001,7,7,7,Alt-West
246387,14220406148410225390,14,7,13,000,2022,04,08,4,3,2,2,0,1,0,1,0,0,0,0,"737950,673806597013026","5693917,298812209628522",12.4170440240001,51.346635233,2,2,2,Ost
246389,14220328662223205790,14,7,13,000,2022,03,20,2,3,3,7,2,0,1,1,0,0,0,0,"734327,452679657028057","5694953,989997100085020",12.365793124,51.35744601,9,9,9,Nord
246390,14220131144100067430,14,7,13,000,2022,01,15,2,3,5,3,0,1,1,1,0,0,0,0,"734210,010364901972935","5692119,721948750317097",12.362245053,51.3320527160001,0,0,0,Mitte
246391,14220312148110162650,14,7,13,000,2022,03,17,7,3,1,7,0,0,0,1,0,0,0,0,"732193,470427360036410","5698391,986104929819703",12.337443105,51.3891836860001,8,8,8,Nordwest
246393,14220211148410112470,14,7,13,000,2022,02,10,6,3,3,5,0,1,1,1,0,0,0,0,"735158,269713783054613","5692924,063176269643009",12.3763635720001,51.3388815320001,0,0,0,Mitte
246394,14220219148410113260,14,7,13,000,2022,02,18,7,3,2,6,2,0,0,1,0,0,0,0,"737570,808384996023960","5693744,157545260153711",12.411483904,51.34523998,2,2,2,Ost
246395,14220112144200031850,14,7,13,000,2022,01,23,4,3,5,3,2,0,0,1,0,0,0,0,"734851,714947554050013","5692096,773916860111058",12.3714249400001,51.3315821370001,0,0,0,Mitte
246400,14220122148310048140,14,7,13,000,2022,01,12,7,3,1,1,0,0,1,1,0,0,0,0,"730561,826854465994984","5689830,112850380130112",12.308486676,51.3129894360001,5,5,5,Südwest
246401,14220131148110067490,14,7,13,000,2022,01,08,2,3,5,3,0,1,0,1,0,0,0,0,"732741,268334293039516","5696126,117526999674737",12.343818522,51.368619589,8,8,8,Nordwest
246405,14220218148110205670,14,7,13,000,2022,02,22,6,3,3,4,2,0,0,1,1,0,0,0,"737848,403959225048311","5695324,579918179661036",12.416518679,51.3593097290001,1,1,1,Nordost
246414,14220302148410130600,14,7,13,000,2022,03,23,4,2,0,7,2,0,1,0,0,0,0,0,"734964,678234762977809","5692537,780049620196223",12.3733344,51.335494129,0,0,0,Mitte
246425,14220407148410224580,14,7,13,000,2022,04,22,5,3,2,6,2,0,1,0,0,0,0,0,"735009,662257967982441","5692061,204587999731302",12.3736646830001,51.331197618,0,0,0,Mitte
246427,14220105148410031240,14,7,13,000,2022,01,17,4,3,7,1,2,0,1,0,0,0,0,0,"735296,855849095969461","5695311,855342700146139",12.3799279880001,51.360257769,0,0,0,Mitte
246428,14220314145200166770,14,7,13,000,2022,03,11,2,3,0,7,0,0,0,0,0,1,0,0,"728325,049496083986014","5689441,456775959581137",12.2761974960001,51.3104020390001,6,6,6,West
246440,14220302144200136810,14,7,13,000,2022,03,16,4,3,5,3,0,0,1,0,0,1,0,0,"736733,688146161963232","5692717,044949400238693",12.3988030030001,51.3363696590001,3,3,3,Südost