OBJECTID,UIDENTSTLAE,ULAND,UREGBEZ,UKREIS,UGEMEINDE,UJAHR,UMONAT,USTUNDE,UWOCHENTAG,UKATEGORIE,UART,UTYP1,ULICHTVERH,IstStrassenzustand,IstRad,IstPKW,IstFuss,IstKrad,IstGkfz,IstSonstige,LINREFX,LINREFY,XGCSWGS84,YGCSWGS84,index_right,FID,SBZ,Name
246443,14220309144200237190,14,7,13,000,2022,03,20,4,3,5,3,2,1,0,1,0,0,0,0,"733226,705304792965762","5693908,137838420458138",12.349326107,51.348510656,0,0,0,Mitte
246446,14220121148410112480,14,7,13,000,2022,01,15,6,3,6,2,0,0,0,1,1,0,0,0,"734342,132743699010462","5696049,879050339572132",12.3667255710001,51.367277104,9,9,9,Nord
246462,14220119144200048810,14,7,13,000,2022,01,07,4,3,5,3,0,0,0,1,0,0,0,0,"728911,092850944027305","5689668,660434219986200",12.284737509,51.31220633,6,6,6,West
246463,14220326148210190070,14,7,13,000,2022,03,17,7,3,8,7,1,0,0,1,0,0,0,0,"737765,217621359974146","5691429,553393590264022",12.4127255970001,51.324382794,3,3,3,Südost
246464,14220129144200124920,14,7,13,000,2022,01,12,7,3,4,6,0,0,0,1,0,0,0,0,"738258,257703460054472","5693722,713147260248661",12.4213223630001,51.3447598270001,2,2,2,Ost
246471,14220316148110190460,14,7,13,000,2022,03,09,4,2,1,5,0,0,0,1,0,1,0,0,"732736,775509568979032","5696493,536489410325885",12.3439946020001,51.371919604,8,8,8,Nordwest
246477,14220114144200031390,14,7,13,000,2022,01,18,6,3,6,1,1,1,0,1,1,0,0,0,"737420,180695576942526","5700268,242773990146816",12.4136826010001,51.4038628970001,9,9,9,Nord
246478,14220405148410237210,14,7,13,000,2022,04,05,3,3,5,3,2,1,1,1,0,0,0,0,"735043,193151467014104","5692578,635834489949048",12.3744864770001,51.3358284230001,0,0,0,Mitte
246479,14220126148110066710,14,7,13,000,2022,01,05,4,3,3,7,2,0,0,1,0,0,0,1,"734039,803919357014820","5696709,193030959926546",12.3628241370001,51.3733200230001,9,9,9,Nord
246482,14220306148320137780,14,7,13,000,2022,03,07,1,3,1,1,0,0,1,1,0,0,0,0,"731736,383130786009133","5690452,054519459605217",12.3257148760001,51.318095526,5,5,5,Südwest
246485,14220222148310124260,14,7,13,000,2022,02,11,3,3,6,4,0,0,0,1,1,0,0,0,"729132,080001399037428","5690925,922988469712436",12.2887107610001,51.323404097,6,6,6,West
246488,14220320144200177730,14,7,13,000,2022,03,09,1,2,5,2,0,0,1,1,0,0,0,0,"733986,282287903944962","5692380,740268969908357",12.3592106250001,51.3344878300001,0,0,0,Mitte
246493,14220313148310177790,14,7,13,000,2022,03,14,1,3,5,2,0,0,1,0,0,0,0,0,"733421,999523111036979","5692451,273291570134461",12.351170638,51.3353528440001,0,0,0,Mitte
246494,14220302144100143020,14,7,13,000,2022,03,16,4,3,0,1,0,1,1,0,0,0,0,0,"733778,757750004995614","5690764,992097269743681",12.3551770290001,51.320069307,4,4,4,Süd
246495,14220210144200112420,14,7,13,000,2022,02,23,5,3,6,4,2,1,0,1,1,0,0,0,"735495,795923964004032","5691982,753969600424170",12.38057847,51.330292367,0,0,0,Mitte
246496,14220218148310112320,14,7,13,000,2022,02,05,6,3,5,2,2,0,1,1,0,0,0,0,"731173,619335312047042","5691912,768003090284765",12.3186003270001,51.331437103,7,7,7,Alt-West
246501,14220118144200049120,14,7,13,000,2022,01,12,3,2,6,2,0,1,0,1,1,0,0,0,"735642,849078207043931","5692420,831116160377860",12.382975199,51.3341637820001,0,0,0,Mitte
246502,14220324144200304230,14,7,13,000,2022,03,16,5,3,3,6,0,0,1,0,0,0,0,0,"735881,182178286020644","5694805,018143409863114",12.387969809,51.355466031,9,9,9,Nord
246504,14220227144200163610,14,7,13,000,2022,02,11,1,2,6,7,0,0,0,1,1,0,0,0,"735448,848402646952309","5690564,373512210324407",12.3789690140001,51.3175799260001,4,4,4,Süd
246506,14220408148310224570,14,7,13,000,2022,04,10,6,3,2,6,0,0,0,1,0,0,0,0,"729288,613763791043311","5694490,425016799941659",12.293248179,51.355340004,7,7,7,Alt-West
246508,14220105148220010980,14,7,13,000,2022,01,07,4,3,5,2,1,1,1,1,0,0,0,0,"736065,127717489027418","5688532,378342660143971",12.3864524430001,51.299084828,4,4,4,Süd
246509,14220315148110224130,14,7,13,000,2022,03,09,3,3,3,5,0,0,0,1,0,0,0,1,"737954,345969351008534","5697537,018174409866333",12.4195181480001,51.3791240250001,1,1,1,Nordost
246510,14220114148110031420,14,7,13,000,2022,01,07,6,3,5,3,1,1,1,1,0,0,0,0,"737297,884176583029330","5695374,629298520274460",12.408659292,51.3599891310001,1,1,1,Nordost
246515,14220201144100112270,14,7,13,000,2022,02,07,3,3,5,3,1,0,1,1,0,0,0,0,"734892,223248415044509","5694342,314817260019481",12.3734864580001,51.3517222420001,0,0,0,Mitte
246516,14220312148210177770,14,7,13,000,2022,03,12,7,3,4,1,0,0,0,1,0,0,0,0,"737282,085881780949421","5689100,057513469830155",12.404254585,51.303674641,4,4,4,Süd
246522,14220404144200212870,14,7,13,000,2022,04,18,2,3,6,4,0,1,0,1,1,0,0,0,"735532,846001505036838","5692916,046985650435090",12.381726326,51.338654557,0,0,0,Mitte
246532,14220304148310137110,14,7,13,000,2022,03,08,6,3,1,5,0,0,1,1,0,0,0,0,"732171,252154596964829","5692989,805381979793310",12.3335977560001,51.3406990760001,7,7,7,Alt-West
246539,14220308148322143750,14,7,13,000,2022,03,18,3,3,0,7,0,0,0,0,0,0,0,1,"727601,712263092049398","5689057,048153259791434",12.265591359,51.3072407290001,6,6,6,West
246540,14220121148310047910,14,7,13,000,2022,01,08,6,3,5,3,0,0,0,1,0,0,0,0,"727791,517863383982331","5691218,755066550336778",12.26969066,51.326571243,6,6,6,West
246541,14220328144200206850,14,7,13,000,2022,03,12,2,3,3,2,0,0,1,1,0,0,0,0,"734289,091053141048178","5695620,401650900021195",12.3656820210001,51.3634438170001,9,9,9,Nord
246546,14220214144200112290,14,7,13,000,2022,02,15,2,3,5,3,0,0,1,1,0,0,0,0,"735923,764743987005204","5692735,666677010245621",12.3872090580001,51.3368733730001,0,0,0,Mitte
246550,14220324148210183380,14,7,13,000,2022,03,17,5,2,6,4,0,0,1,0,1,0,0,0,"734726,110803538002074","5690766,670683450065553",12.368749307,51.319694392,4,4,4,Süd
246552,14220228148410137790,14,7,13,000,2022,02,17,2,3,1,5,0,0,1,1,0,0,0,0,"735022,493175004026853","5691668,233388029970229",12.373589382,51.327664854,0,0,0,Mitte
246553,14220205148410082930,14,7,13,000,2022,02,20,7,2,0,1,2,0,1,0,0,0,0,0,"734129,659047291032039","5693151,236774080432951",12.361771639,51.3413451820001,0,0,0,Mitte
246556,14220106144200048460,14,7,13,000,2022,01,19,5,3,3,2,2,1,1,1,0,0,0,0,"736989,588300360948779","5692281,051817810162902",12.402180021,51.3323495560001,3,3,3,Südost
246559,14220323148110206510,14,7,13,000,2022,03,07,4,3,3,6,0,0,1,1,0,0,0,0,"733604,151546695036814","5695724,746936050243676",12.355929202,51.364662502,9,9,9,Nord
246560,14220224144200183290,14,7,13,000,2022,02,13,5,3,5,3,0,0,0,1,0,0,0,0,"736794,591080071986653","5693338,290197479538620",12.400088747,51.341920685,2,2,2,Ost
246566,14220211144200095500,14,7,13,000,2022,02,23,6,3,5,3,2,1,0,1,0,0,0,0,"733443,859311462030746","5693374,399275279603899",12.3520889320001,51.3436303840001,0,0,0,Mitte
246568,14220111148210020720,14,7,13,000,2022,01,16,3,3,5,5,0,1,1,1,0,0,0,0,"735099,006599850952625","5689505,043830360285938",12.373259562,51.3082155700001,4,4,4,Süd
246578,14220215144200096560,14,7,13,000,2022,02,09,3,2,6,6,0,0,0,0,1,0,0,1,"733868,334047422045842","5698576,470873319543898",12.3615939690001,51.3901521390001,9,9,9,Nord
246579,14220411144200263030,14,7,13,000,2022,04,13,2,3,5,3,0,0,1,0,0,0,0,0,"735016,991600538021885","5695121,062391219660640",12.3757893320001,51.358660968,0,0,0,Mitte
246581,14220317148410189610,14,7,13,000,2022,03,11,5,3,5,3,0,0,1,1,0,0,0,0,"735444,829390421975404","5691684,710682080127299",12.3796513070001,51.3276381270001,0,0,0,Mitte
246582,14220117149210048500,14,7,13,000,2022,01,15,2,3,1,5,0,0,1,1,0,0,0,0,"734574,870641874033026","5692852,719126730225980",12.367955796,51.3384820690001,0,0,0,Mitte
246583,14220324148320225380,14,7,13,000,2022,03,13,5,3,5,3,0,0,0,1,0,1,0,0,"732444,715822982019745","5692803,618750279769301",12.3373955870001,51.338916012,7,7,7,Alt-West
246588,14220214148310096310,14,7,13,000,2022,02,14,2,3,3,2,0,0,1,1,0,0,0,0,"729295,261688821017742","5691031,176061639562249",12.291116446,51.324283231,6,6,6,West
246591,14220317148310177020,14,7,13,000,2022,03,10,5,3,1,1,0,0,0,1,0,0,0,0,"730517,744439278030768","5692010,582313399761915",12.309265113,51.3325813610001,7,7,7,Alt-West
246595,14220228148210213560,14,7,13,000,2022,02,22,2,3,5,3,2,0,0,1,0,0,0,0,"737374,319043545983732","5692668,014386470429599",12.4079504750001,51.3356625330001,3,3,3,Südost
246604,14220224148410162260,14,7,13,000,2022,02,22,5,3,5,2,2,1,1,1,0,0,0,0,"737371,810110380989499","5693159,871728500351310",12.4082422860001,51.3400785200001,2,2,2,Ost
246607,14220308144200163170,14,7,13,000,2022,03,14,3,3,5,2,0,0,1,1,0,0,0,0,"738439,107052389997989","5690949,820961349643767",12.422058841,51.3197947310001,3,3,3,Südost
246608,14220328144200344830,14,7,13,000,2022,03,14,2,3,0,3,0,0,0,0,0,0,0,1,"738884,624001541989855","5697120,192983870394528",12.4325808090001,51.3749921200001,1,1,1,Nordost
246610,14220310148110143900,14,7,13,000,2022,03,09,5,3,3,6,0,0,1,0,0,0,0,1,"737020,894517738022842","5697119,241098909638822",12.405850889,51.375764437,1,1,1,Nordost
246613,14220221144200189770,14,7,13,000,2022,02,18,2,3,5,3,2,1,1,1,0,0,0,0,"734876,068525083013810","5694490,768698530271649",12.373352847,51.353061494,0,0,0,Mitte
246616,14220404148220213300,14,7,13,000,2022,04,09,2,3,1,7,0,0,1,1,0,0,0,0,"735200,242528205038980","5689767,377824010327458",12.374882348,51.3105285720001,4,4,4,Süd
246621,14220302144200130540,14,7,13,000,2022,03,16,4,2,5,2,0,0,1,1,0,0,0,0,"737695,133001541951671","5692430,487984599545598",12.4123891260001,51.333396502,2,2,2,Ost
246623,14220213144200195820,14,7,13,000,2022,02,15,1,3,5,3,0,0,0,1,0,0,0,1,"735099,415720571996644","5694211,882914629764855",12.3763704290001,51.3504657830001,0,0,0,Mitte
246627,14220117148410047920,14,7,13,000,2022,01,09,2,2,6,2,0,0,1,0,1,0,0,0,"735407,949187185033225","5690570,049657390452921",12.378386904,51.3176477960001,4,4,4,Süd
246629,14220329144200262400,14,7,13,000,2022,03,12,3,3,5,3,0,0,1,1,0,0,0,0,"738218,041523950058036","5691085,290436189621687",12.418982697,51.321103287,3,3,3,Südost
246630,14220301144200130520,14,7,13,000,2022,03,16,3,2,5,3,0,0,1,1,0,0,0,0,"735114,846672154963017","5688745,421115149743855",12.372985982,51.301390326,4,4,4,Süd
246631,14220405144200213250,14,7,13,000,2022,04,18,3,2,5,3,0,1,1,1,0,0,0,0,"731715,170942647964694","5692789,839104309678078",12.326930948,51.339090055,7,7,7,Alt-West
246637,14220322148410178070,14,7,13,000,2022,03,11,3,3,5,3,0,0,1,1,0,0,0,0,"737370,504678608966060","5692669,013678089715540",12.4078964830001,51.3356730940001,3,3,3,Südost
246648,14220302144200163190,14,7,13,000,2022,03,16,4,2,0,1,0,0,1,0,0,0,0,0,"735283,527150006964803","5692735,134342949837446",12.3780338500001,51.3371338320001,0,0,0,Mitte
246652,14220204144200096240,14,7,13,000,2022,02,15,6,2,5,2,0,0,0,1,1,0,0,1,"727782,515976286027580","5689117,189945190213621",12.268219365,51.3077083320001,6,6,6,West
246654,14220212144200162460,14,7,13,000,2022,02,13,7,2,5,3,0,0,1,1,0,0,0,0,"736464,608853926998563","5699873,682855689898133",12.3997063100001,51.4007203840001,9,9,9,Nord
246655,14220222144200124240,14,7,13,000,2022,02,08,3,3,5,2,0,1,1,1,0,0,0,0,"734054,736864511040039","5692773,581016070209444",12.360449675,51.3379860000001,0,0,0,Mitte
246665,14220217148120112630,14,7,13,000,2022,02,14,5,3,6,7,0,0,0,1,1,0,0,0,"736677,700398657005280","5697109,915188860148191",12.4009225190001,51.375823854,1,1,1,Nordost
246675,14220215148410178080,14,7,13,000,2022,02,13,3,3,5,3,0,1,1,1,0,0,0,0,"736686,575027137994766","5693032,186400310136378",12.3983372710001,51.339218025,3,3,3,Südost
246681,14220325148210213550,14,7,13,000,2022,03,13,6,2,0,7,0,0,1,0,0,0,0,0,"738377,982978099957108","5691287,308866079896688",12.421408904,51.322849617,3,3,3,Südost
246684,14220114148410067820,14,7,13,000,2022,01,17,6,3,0,7,2,1,1,0,0,0,0,0,"734741,626247141975909","5692634,740278500132263",12.370201933,51.3364565910001,0,0,0,Mitte
246685,14220405144200213260,14,7,13,000,2022,04,06,3,3,5,3,0,0,0,1,0,0,0,0,"734806,568799106054939","5692366,029167139902711",12.370955483,51.3340177220001,0,0,0,Mitte
246689,14220323148210190490,14,7,13,000,2022,03,06,4,3,6,4,0,0,1,0,1,0,0,0,"738752,924668928957544","5690788,081910650245845",12.426445799,51.3182113980001,3,3,3,Südost
246690,14220211148410137360,14,7,13,000,2022,02,07,6,3,2,6,0,1,0,1,0,0,0,0,"737628,219081785995513","5695336,825417010113597",12.413370092,51.3595117620001,1,1,1,Nordost
246691,14220217144200125330,14,7,13,000,2022,02,13,5,2,6,4,0,0,0,1,1,0,0,0,"732922,196698721032590","5690577,077848919667304",12.342783476,51.3187337150001,5,5,5,Südwest
246696,14220120144200080450,14,7,13,000,2022,01,18,5,2,5,3,2,0,1,1,0,0,0,0,"732203,592756076017395","5691944,291698070243001",12.3333797930001,51.3313005570001,7,7,7,Alt-West
246698,14220129148310081110,14,7,13,000,2022,01,14,7,3,5,2,0,0,0,1,0,0,0,0,"727783,472571454010904","5689139,458041979931295",12.2682472820001,51.3079078580001,6,6,6,West
246699,14220401148310212900,14,7,13,000,2022,04,11,6,3,3,5,0,0,1,1,0,0,0,0,"731561,177455333992839","5692371,031120359897614",12.3244516820001,51.3353932160001,7,7,7,Alt-West
246700,14220302144200130530,14,7,13,000,2022,03,14,4,2,6,4,0,0,0,0,1,0,0,1,"736886,571242982987314","5695794,216155779547989",12.4030416160001,51.3639269860001,1,1,1,Nordost
246702,14220214148410112650,14,7,13,000,2022,02,18,2,3,2,2,2,0,1,1,0,0,0,0,"734054,869868829962797","5692773,706374400295317",12.360451664,51.337987071,0,0,0,Mitte
246712,14220124148410049180,14,7,13,000,2022,01,12,2,3,5,3,0,1,1,1,0,0,0,0,"737356,092644196003675","5692913,335575589910150",12.407852753,51.337872158,2,2,2,Ost
246724,14220504148210295400,14,7,13,000,2022,05,18,4,3,5,3,0,0,1,1,0,0,0,0,"739282,483177172020078","5689625,198315969668329",12.43325106,51.307551108,3,3,3,Südost
246726,14220603148410363400,14,7,13,000,2022,06,14,6,3,5,3,0,0,1,1,0,0,0,0,"734307,619795834994875","5692757,565712830051780",12.3640632020001,51.337738104,0,0,0,Mitte
246728,14220427144100273680,14,7,13,000,2022,04,16,4,3,5,3,0,0,0,1,0,0,0,0,"734098,484753911034204","5696320,731387780047953",12.363409948,51.3698088450001,9,9,9,Nord
246740,14220506144200364600,14,7,13,000,2022,05,13,6,3,3,7,0,0,0,1,0,0,0,1,"737199,440001531969756","5692927,785984840244055",12.4056174940001,51.3380672270001,3,3,3,Südost
246743,14220607144200372230,14,7,13,000,2022,06,22,3,2,5,3,2,0,1,1,0,0,0,0,"737373,904567052959464","5693158,417252689599991",12.408271332,51.3400645900001,2,2,2,Ost
246744,14220518148110320040,14,7,13,000,2022,05,07,4,3,5,3,0,0,0,1,0,1,0,0,"732383,122001442010514","5696305,135987020097673",12.3387993860001,51.370373199,8,8,8,Nordwest
246753,14220503148410334150,14,7,13,000,2022,05,09,3,3,3,2,0,0,1,1,0,0,0,0,"736079,431974419974722","5692629,784439329989254",12.3893696420001,51.3358583510001,0,0,0,Mitte
246757,14220601148410363870,14,7,13,000,2022,06,11,4,3,2,6,0,1,0,1,0,0,0,0,"737766,143066041055135","5693736,803825429640710",12.414278628,51.3450923170001,2,2,2,Ost
246759,14220509148410320110,14,7,13,000,2022,05,18,2,3,5,2,0,0,1,1,0,0,0,0,"736979,049001530976966","5692383,135984960012138",12.402096901,51.333270267,3,3,3,Südost
246764,14220502148110295700,14,7,13,000,2022,05,10,2,3,5,3,0,0,1,1,0,0,0,0,"736570,626838812953793","5697169,673088500276208",12.3994266170001,51.3764048570001,1,1,1,Nordost
246767,14220516148310334610,14,7,13,000,2022,05,15,2,3,6,4,0,0,1,0,1,0,0,0,"732975,087187091005035","5691192,642222399823368",12.343943374,51.3242377880001,5,5,5,Südwest
246768,14220427148410274410,14,7,13,000,2022,04,20,4,3,5,3,1,0,0,1,0,0,0,0,"736683,311001520021819","5693861,241985079832375",12.3988415170001,51.346661103,2,2,2,Ost
246769,14220412144200236810,14,7,13,000,2022,04,07,3,3,4,2,0,0,1,1,0,0,0,0,"735318,743531771004200","5692592,740620690397918",12.378444458,51.3358410870001,0,0,0,Mitte
246773,14220608144200383510,14,7,13,000,2022,06,10,4,3,5,2,0,0,1,1,0,0,0,0,"727209,473622407997027","5693565,045732670463622",12.262847207,51.3478675760001,7,7,7,Alt-West
246776,14220524144200344030,14,7,13,000,2022,05,12,3,3,5,3,0,0,1,1,0,0,0,0,"737299,761569877038710","5695376,141350270248950",12.408687217,51.3600019190001,1,1,1,Nordost
246781,14220613144200535480,14,7,13,000,2022,06,15,2,3,4,6,0,0,0,1,0,0,1,0,"732528,987972334027290","5691395,636535960249603",12.337684503,51.326242506,5,5,5,Südwest
246786,14220520144200343270,14,7,13,000,2022,05,11,6,2,6,4,0,0,0,1,1,0,0,0,"734798,374221437028609","5692740,503047919832170",12.3710848640001,51.337382534,0,0,0,Mitte
246789,14220528148210364230,14,7,13,000,2022,05,20,7,3,0,5,0,0,1,1,0,0,0,0,"734737,383238628972322","5690114,313371839933097",12.3684814120001,51.3138338850001,4,4,4,Süd
246793,14220606144200372240,14,7,13,000,2022,06,11,2,2,0,7,0,0,0,1,0,0,0,0,"741757,068593234056607","5695375,527204220183194",12.4725885720001,51.358117631,2,2,2,Ost
246794,14220518144200364770,14,7,13,000,2022,05,11,4,2,5,3,0,0,0,0,0,1,0,1,"731799,118846809025854","5689588,228164649568498",12.326052218,51.3103155360001,5,5,5,Südwest
246796,14220510148310317950,14,7,13,000,2022,05,18,3,3,3,6,0,0,1,1,0,0,0,0,"732575,317046575946733","5692082,329151899553835",12.3387964290001,51.332387812,7,7,7,Alt-West
246797,14220523148121345010,14,7,13,000,2022,05,17,2,2,6,4,0,0,1,0,1,0,0,0,"731010,526658843969926","5692050,400189610198140",12.3163525000001,51.3327388750001,7,7,7,Alt-West
246798,14220527148410354890,14,7,13,000,2022,05,17,6,3,5,2,0,0,1,1,0,0,0,0,"736469,253001517034136","5693785,739985180087388",12.395723235,51.3460724610001,2,2,2,Ost
246807,14220601148310363380,14,7,13,000,2022,06,07,4,2,0,7,0,1,1,0,0,0,0,0,"731845,255001445999369","5691600,397987349890172",12.3280212990001,51.3283596580001,5,5,5,Südwest
246808,14220413148310238240,14,7,13,000,2022,04,13,4,3,5,3,0,0,0,1,0,0,0,1,"731482,273327845032327","5688730,476242220029235",12.3209576360001,51.3027445110001,5,5,5,Südwest
246814,14220502143263274620,14,7,13,000,2022,05,09,2,3,4,6,0,0,1,1,0,0,0,0,"732341,744046080042608","5692481,234149060212076",12.335709552,51.336064134,7,7,7,Alt-West
246815,14220609148410384050,14,7,13,000,2022,06,09,5,3,5,3,0,1,1,1,0,0,0,0,"734934,124297501053661","5691050,026222590357065",12.3719158370001,51.3221520710001,4,4,4,Süd
246820,14220412148310244670,14,7,13,000,2022,04,15,3,3,5,3,0,0,1,1,0,0,0,0,"730882,511216667015105","5689417,439761170186102",12.312813068,51.3091548880001,5,5,5,Südwest
246823,14220607148210383120,14,7,13,000,2022,06,21,3,3,5,3,0,0,1,1,0,0,0,0,"737443,168239695951343","5690830,557569630444050",12.407712987,51.319140647,3,3,3,Südost
246827,14220524148410344150,14,7,13,000,2022,05,16,3,3,2,6,0,0,1,0,0,0,0,1,"736036,600641577038914","5692900,657870350405574",12.388935353,51.338307553,0,0,0,Mitte
246829,14220531148110391140,14,7,13,000,2022,05,15,3,3,5,3,0,0,0,1,0,0,0,0,"738240,740633144043386","5694578,817379079759121",12.4216442320001,51.352451489,1,1,1,Nordost
246842,14220430144200273700,14,7,13,000,2022,04,05,7,2,5,3,2,0,0,1,0,0,0,0,"734006,371867722948082","5695594,650634019635618",12.3616111860001,51.363329176,9,9,9,Nord
246843,14220504143263296130,14,7,13,000,2022,05,07,4,3,1,6,0,0,1,0,0,0,0,0,"732916,724301437032409","5690987,205187750048935",12.34297299,51.3224175400001,5,5,5,Südwest
246845,14220604148410364270,14,7,13,000,2022,06,15,7,3,5,2,0,0,1,1,0,0,0,0,"735096,542069597053342","5694425,784629169851542",12.3764705200001,51.352387025,0,0,0,Mitte
246856,14220514144200318860,14,7,13,000,2022,05,10,7,3,8,7,0,0,0,1,0,0,0,0,"731842,680655185948126","5689360,358522189781070",12.3265280790001,51.308252243,5,5,5,Südwest
246859,14220612148110453490,14,7,13,000,2022,06,14,1,3,6,7,0,0,0,1,1,0,0,0,"737035,400932115968317","5697396,736944289878011",12.406244013,51.3782491900001,1,1,1,Nordost
246865,14220423148210262800,14,7,13,000,2022,04,17,7,3,2,6,0,0,1,1,0,0,0,0,"734804,997238873969764","5692998,708190550096333",12.371349986,51.3396975530001,0,0,0,Mitte
246871,14220516148310333320,14,7,13,000,2022,05,05,2,3,3,7,0,0,0,1,0,0,0,0,"731825,632598033989780","5689452,434545040130615",12.3263437370001,51.3090857390001,5,5,5,Südwest
246872,14220427148410274420,14,7,13,000,2022,04,11,4,3,2,6,0,0,0,1,0,0,0,1,"735110,569995146943256","5694111,571314839646220",12.376464067,51.349560739,0,0,0,Mitte
246873,14220412148110225800,14,7,13,000,2022,04,09,3,3,6,4,0,0,1,0,1,0,0,0,"732810,253632999956608","5695977,447651309892535",12.3447104910001,51.367256771,8,8,8,Nordwest
246876,14220608144200372660,14,7,13,000,2022,06,09,4,3,3,6,0,0,0,1,0,0,0,1,"731154,567976124002598","5691902,059505269862711",12.318320382,51.331348716,7,7,7,Alt-West
246879,14220524148410364830,14,7,13,000,2022,05,19,3,3,5,3,1,0,1,1,0,0,0,0,"735529,177980105974711","5692692,182570399716496",12.3815257410001,51.3366466000001,0,0,0,Mitte
246885,14220506148410363390,14,7,13,000,2022,05,15,6,3,1,6,0,0,0,1,0,0,0,1,"734778,638825156027451","5692838,611254789866507",12.3708667060001,51.3382713410001,0,0,0,Mitte
246886,14220613144200403470,14,7,13,000,2022,06,11,2,3,5,2,0,0,0,1,0,0,0,1,"739937,843849331955425","5694082,536922809667885",12.445636575,51.3472831810001,2,2,2,Ost
246889,14220414148310333590,14,7,13,000,2022,04,19,5,3,0,1,1,1,1,0,0,0,0,0,"728838,843587134964764","5695005,651470440439880",12.287130986,51.3601465450001,7,7,7,Alt-West
246895,14220429144200274660,14,7,13,000,2022,04,10,6,3,5,3,0,0,0,1,0,0,0,0,"734527,354692413005978","5693629,730568190105259",12.367786546,51.345476455,0,0,0,Mitte
246896,14220503148110318170,14,7,13,000,2022,05,15,3,3,5,3,0,0,0,1,0,0,0,1,"736267,059678661986254","5695000,059927149675786",12.3936312540001,51.357056474,9,9,9,Nord
246903,14220422144200254990,14,7,13,000,2022,04,14,6,3,2,6,0,0,0,1,0,0,0,0,"734798,042352661956102","5692957,526893709786236",12.371223166,51.3393307650001,0,0,0,Mitte
246904,14220512148310318440,14,7,13,000,2022,05,14,5,3,2,2,0,0,0,1,0,0,0,0,"730281,705009571975097","5690127,683963949792087",12.3046663170001,51.3157741480001,6,6,6,West
246907,14220520148410343340,14,7,13,000,2022,05,10,6,3,5,3,0,0,1,1,0,0,0,0,"734088,237640650011599","5696242,793951690196991",12.363211684,51.3691134680001,9,9,9,Nord
246914,14220613148210402730,14,7,13,000,2022,06,15,2,3,4,6,0,0,1,1,0,0,0,0,"740978,130198281956837","5686843,667167469859123",12.4556560290001,51.281869806,3,3,3,Südost
246915,14220511148110354220,14,7,13,000,2022,05,06,4,3,5,3,0,1,1,1,0,0,0,0,"740300,585596980992705","5698182,301452869549394",12.453605672,51.3839278240001,1,1,1,Nordost
246916,14220608144200482670,14,7,13,000,2022,06,07,4,3,5,3,0,0,1,1,0,0,0,0,"734310,897045547957532","5695735,328277049586177",12.3660704060001,51.364466453,9,9,9,Nord
246917,14220518144200332440,14,7,13,000,2022,05,15,4,3,5,3,0,0,1,0,0,0,0,1,"736337,716215473948978","5692057,976279470138252",12.3926915480001,51.3306184100001,0,0,0,Mitte
246918,14220415148110273930,14,7,13,000,2022,04,10,6,3,5,2,0,0,1,1,0,0,0,0,"733469,766789598972537","5697584,578811650164425",12.3552236630001,51.3814125220001,8,8,8,Nordwest
246921,14220512148110333270,14,7,13,000,2022,05,18,5,3,6,7,0,0,0,0,1,0,0,1,"731732,202387404046021","5696517,889435379765928",12.32960286,51.3725489540001,8,8,8,Nordwest
246922,14220502148110282350,14,7,13,000,2022,05,15,2,3,5,2,0,0,1,1,0,0,0,0,"734457,560001480043866","5695074,053986109793186",12.36773759,51.35847009,9,9,9,Nord
246937,14220415148110244240,14,7,13,000,2022,04,13,6,3,1,1,0,0,0,1,0,0,0,0,"733904,119470449048094","5696651,010501280426979",12.360839862,51.3728536460001,9,9,9,Nord
246947,14220517148410319620,14,7,13,000,2022,05,10,3,2,0,1,0,1,1,0,0,0,0,0,"733549,038011178956367","5694177,769055070355535",12.3541234620001,51.3507986770001,0,0,0,Mitte
246948,14220413144200237170,14,7,13,000,2022,04,14,4,2,5,2,0,0,1,0,0,0,1,0,"736677,667612339952029","5689793,406992330215871",12.396059307,51.3101498620001,4,4,4,Süd
246950,14220521148410343760,14,7,13,000,2022,05,18,7,3,2,6,0,0,1,1,0,0,0,0,"734159,861001483979635","5692194,593986310064793",12.361575658,51.332745452,0,0,0,Mitte