OBJECTID,UIDENTSTLAE,ULAND,UREGBEZ,UKREIS,UGEMEINDE,UJAHR,UMONAT,USTUNDE,UWOCHENTAG,UKATEGORIE,UART,UTYP1,ULICHTVERH,IstStrassenzustand,IstRad,IstPKW,IstFuss,IstKrad,IstGkfz,IstSonstige,LINREFX,LINREFY,XGCSWGS84,YGCSWGS84,index_right,FID,SBZ,Name
246953,14220513144200343260,14,7,13,000,2022,05,14,6,3,9,1,0,0,0,1,0,0,0,0,"739475,597645479021594","5687725,707993140444160",12.4347424110001,51.290420344,3,3,3,Südost
246955,14220503144200304740,14,7,13,000,2022,05,15,3,2,9,1,0,0,0,1,0,0,0,0,"736165,345460776006803","5693013,305892679840326",12.390855043,51.339265255,0,0,0,Mitte
246959,14220428148310295130,14,7,13,000,2022,04,17,5,3,5,3,0,0,1,1,0,0,0,0,"731710,445649711997248","5693087,944519969634712",12.327057171,51.3417680150001,7,7,7,Alt-West
246960,14220412148110244860,14,7,13,000,2022,04,05,3,2,5,2,1,0,1,0,0,1,0,0,"728610,800217928015627","5701002,996006529778242",12.2877211050001,51.414077128,8,8,8,Nordwest
246971,14220505144200295090,14,7,13,000,2022,05,12,5,3,2,6,0,0,0,1,0,1,0,0,"741833,449532937025651","5695466,279398660175502",12.473745224,51.3588996710001,2,2,2,Ost
246975,14220518144100343220,14,7,13,000,2022,05,20,4,2,0,3,0,0,1,0,0,0,0,1,"735762,166760371997952","5693472,250449920073152",12.3853808920001,51.343552161,0,0,0,Mitte
246984,14220503144200372180,14,7,13,000,2022,05,14,3,3,1,3,0,0,1,1,0,0,0,0,"738844,115036547998898","5689243,171794610098004",12.42671771,51.3043061430001,3,3,3,Südost
246987,14220414144200262380,14,7,13,000,2022,04,17,5,3,1,2,0,1,1,1,0,0,0,0,"739009,272793367970735","5691197,749689459800720",12.43039228,51.3217809220001,3,3,3,Südost
246988,14220509149410296200,14,7,13,000,2022,05,15,2,3,2,2,0,0,0,1,0,0,0,0,"736762,932733886991628","5699848,060702430084348",12.4039701630001,51.4003660000001,9,9,9,Nord
246991,14220422148410318450,14,7,13,000,2022,04,19,6,3,3,3,1,0,1,1,0,0,0,0,"734176,857504131970927","5692173,698924030177295",12.361805475,51.3325508900001,0,0,0,Mitte
246992,14220512148310305340,14,7,13,000,2022,05,16,5,3,3,6,0,0,1,0,0,0,0,0,"732777,005183225031942","5691354,272680370137095",12.341210996,51.3257697710001,5,5,5,Südwest
246994,14220609148410402190,14,7,13,000,2022,06,15,5,3,4,2,0,0,0,1,0,1,0,0,"736923,050734041025862","5691346,818452700041234",12.400605597,51.3239914650001,3,3,3,Südost
246996,14220523144200334000,14,7,13,000,2022,05,14,2,3,1,5,0,0,0,1,0,0,0,0,"736177,937885615974665","5693517,731350409798324",12.391370023,51.3437878550001,0,0,0,Mitte
247000,14220513148210333300,14,7,13,000,2022,05,05,6,3,0,2,0,0,0,1,0,1,0,0,"741367,395245434949175","5695937,703574210405350",12.4673837570001,51.363329064,2,2,2,Ost
247002,14220504144200282330,14,7,13,000,2022,05,16,4,3,5,3,0,0,1,1,0,0,0,0,"730999,795266006956808","5685596,875244040042162",12.312021767,51.274810089,5,5,5,Südwest
247011,14220512148310320090,14,7,13,000,2022,05,09,5,3,5,3,0,0,1,1,0,0,0,0,"730815,314974208013155","5694490,992871760390699",12.315137113,51.354727116,7,7,7,Alt-West
247020,14220511143263317840,14,7,13,000,2022,05,19,4,3,1,7,0,0,1,1,0,0,0,0,"731780,768084889044985","5689683,240682479925454",12.325851109,51.3111759220001,5,5,5,Südwest
247024,14220602144200453860,14,7,13,000,2022,06,14,5,3,3,7,0,0,0,1,0,0,0,1,"737283,637229059007950","5692939,778963970020413",12.4068320600001,51.3381397520001,2,2,2,Ost
247025,14220524148310334600,14,7,13,000,2022,05,18,3,3,0,7,0,0,1,0,0,0,0,0,"731721,186208763043396","5690503,363583019934595",12.325530515,51.318562308,5,5,5,Südwest
247026,14220528148410363880,14,7,13,000,2022,05,16,7,3,0,7,0,0,1,0,0,0,0,0,"735038,211989080999047","5691559,706191229633987",12.3737430300001,51.3266841770001,0,0,0,Mitte
247028,14220501144200364730,14,7,13,000,2022,05,22,1,3,4,6,2,0,1,1,0,0,0,0,"731010,336699257954024","5696575,974740239791572",12.3192873300001,51.373364435,8,8,8,Nordwest
247033,14220415148410244270,14,7,13,000,2022,04,13,6,3,0,7,0,0,1,0,0,0,0,0,"737206,821441338048317","5693355,679061880335212",12.406008248,51.3419049490001,2,2,2,Ost
247034,14220510148210319520,14,7,13,000,2022,05,08,3,3,5,3,0,0,1,1,0,0,0,0,"735115,031012326013297","5688746,082450999878347",12.372989057,51.301396186,4,4,4,Süd
247035,14220523144200364590,14,7,13,000,2022,05,06,2,3,5,3,0,0,0,1,0,0,0,0,"736989,766695910948329","5697912,953472100198269",12.405933771,51.382901803,1,1,1,Nordost
247039,14220513148110363310,14,7,13,000,2022,05,15,6,3,5,3,0,0,1,1,0,0,0,0,"737050,669346811948344","5697505,897369280457497",12.406535821,51.3792226420001,1,1,1,Nordost
247042,14220612148310383140,14,7,13,000,2022,06,14,1,3,1,1,0,0,0,1,0,0,0,0,"730877,070477982051671","5693623,812614929862320",12.315460005,51.34691745,7,7,7,Alt-West
247045,14220509144200344040,14,7,13,000,2022,05,16,2,3,0,7,0,0,1,0,1,0,0,0,"740533,463939493987709","5694133,677532790228724",12.454207882,51.3474905090001,2,2,2,Ost
247056,14220412148310305360,14,7,13,000,2022,04,07,3,3,5,3,0,0,0,1,0,1,0,0,"731897,289130875957198","5690507,411819200031459",12.3280559020001,51.318526913,5,5,5,Südwest
247057,14220507144200322160,14,7,13,000,2022,05,14,7,3,5,3,0,0,1,0,0,0,1,0,"735173,458968522958457","5693468,743696169927716",12.376940925,51.3437644900001,0,0,0,Mitte
247065,14220602148310382820,14,7,13,000,2022,06,15,5,3,2,6,0,0,0,1,0,0,0,0,"727565,455241941963322","5691175,081332609988749",12.2664235660001,51.3262696400001,6,6,6,West
247066,14220516144200345000,14,7,13,000,2022,05,09,2,3,3,2,0,0,1,0,0,0,0,1,"736617,961299374001101","5687119,321293209679425",12.393431955,51.2861714250001,4,4,4,Süd
247074,14220419144200244231,14,7,13,000,2022,04,14,3,2,6,7,0,0,0,1,1,0,0,0,"736927,305903088999912","5687878,440761170350015",12.3983635340001,51.292856896,4,4,4,Süd
247077,14220515148410318460,14,7,13,000,2022,05,15,1,3,3,2,0,0,1,1,0,0,0,0,"735559,323121121036820","5692147,727604789659381",12.381597761,51.3317469190001,0,0,0,Mitte
247078,14220430148310273740,14,7,13,000,2022,04,09,7,3,5,3,0,0,0,1,0,0,0,0,"732058,770557785057463","5692939,818467950448394",12.3319530680001,51.3402962710001,7,7,7,Alt-West
247080,14220613144200402690,14,7,13,000,2022,06,14,2,3,1,6,0,0,0,1,0,0,0,0,"735509,274996862048283","5692065,514345699921250",12.380826298,51.3310296700001,0,0,0,Mitte
247081,14220607144200372200,14,7,13,000,2022,06,16,3,3,5,3,0,0,0,1,0,1,0,0,"735177,594570846995339","5689046,776851699687541",12.3740830560001,51.3040695120001,4,4,4,Süd
247088,14220426148310273950,14,7,13,000,2022,04,07,3,3,4,6,0,0,1,1,0,0,0,0,"729554,846611601999030","5688761,856297519989312",12.293375245,51.3038065490001,5,5,5,Südwest
247089,14220513144320888730,14,7,13,000,2022,05,07,6,2,4,6,0,0,1,0,0,0,0,0,"730256,792924470035359","5691362,439440730027854",12.3051068660001,51.3268686710001,6,6,6,West
247090,14220430148210273940,14,7,13,000,2022,04,01,7,3,1,5,2,0,1,1,0,0,0,0,"735050,258832038962282","5691186,398938479833305",12.3736694780001,51.3233282460001,4,4,4,Süd
247091,14220504148320333600,14,7,13,000,2022,05,15,4,3,2,6,0,0,0,1,0,0,0,0,"731839,176942095975392","5689379,404420009814203",12.326490273,51.308424642,5,5,5,Südwest
247092,14220612144200430200,14,7,13,000,2022,06,14,1,3,5,3,0,0,1,1,0,0,0,0,"738825,241993288975209","5695759,489778130315244",12.430815264,51.3628037020001,1,1,1,Nordost
247098,14220526148110343700,14,7,13,000,2022,05,22,5,2,8,1,2,0,0,1,0,0,0,0,"736883,548793760011904","5695958,645702210254967",12.403107795,51.3654041770001,1,1,1,Nordost
247100,14220512148210319510,14,7,13,000,2022,05,07,5,3,5,3,0,0,0,1,0,0,0,0,"739938,457001570030116","5694085,489983379840851",12.445647353,51.3473094280001,2,2,2,Ost
247106,14220427144200273690,14,7,13,000,2022,04,18,4,3,6,7,0,0,0,1,1,0,0,0,"732963,996917146025226","5695926,024736099876463",12.346881539,51.366732142,8,8,8,Nordwest
247110,14220607144200372220,14,7,13,000,2022,06,20,3,3,5,3,0,0,1,0,0,0,0,0,"734304,117695927037857","5691824,913492210209370",12.3633996930001,51.3293676150001,0,0,0,Mitte
247113,14220523144200364640,14,7,13,000,2022,05,13,2,2,5,3,0,0,1,1,0,0,0,0,"738063,137188747990876","5690417,775952050462365",12.416318099,51.315176498,3,3,3,Südost
247114,14220528144200344490,14,7,13,000,2022,05,03,7,3,1,1,2,0,0,1,0,0,0,0,"738814,925327804987319","5694190,386105040088296",12.429614298,51.348724039,2,2,2,Ost
247117,14220515144200322200,14,7,13,000,2022,05,18,1,2,5,2,0,0,0,1,0,1,0,0,"736590,364001519046724","5693781,799985120072961",12.3974565020001,51.3459867080001,2,2,2,Ost
247119,14220506148310295410,14,7,13,000,2022,05,13,6,3,3,6,0,0,1,1,0,0,0,0,"732332,475113997003064","5690658,676756010390818",12.3343886530001,51.3197072790001,5,5,5,Südwest
247129,14220504148323304770,14,7,13,000,2022,05,10,4,3,5,3,0,1,1,1,0,0,0,0,"730817,478001418989152","5694490,861987720243633",12.3151680390001,51.3547250620001,7,7,7,Alt-West
247130,14220611144200383080,14,7,13,000,2022,06,18,7,2,5,3,0,0,1,1,0,0,0,0,"736746,433872375055216","5688242,917305709794164",12.3960157270001,51.2962037300001,4,4,4,Süd
247138,14220417144200255190,14,7,13,000,2022,04,18,1,3,5,3,0,0,0,1,0,0,0,0,"730659,426870611030608","5690364,777192699722946",12.31023047,51.3177495720001,6,6,6,West
247143,14220513148210320080,14,7,13,000,2022,05,14,6,3,6,4,0,0,0,1,1,0,0,0,"739007,604966606013477","5693676,319851409643888",12.432030947,51.344028897,2,2,2,Ost
247147,14220604144200383570,14,7,13,000,2022,06,14,7,3,3,5,0,0,0,1,0,0,0,0,"738132,137870982987806","5693616,190207829698920",12.4194435430001,51.3438565210001,2,2,2,Ost
247149,14220428148310305380,14,7,13,000,2022,04,21,5,3,5,3,2,0,0,1,0,0,0,0,"731772,983001446002163","5691005,888987390324473",12.326599188,51.3230523030001,5,5,5,Südwest
247155,14220502662211282410,14,7,13,000,2022,05,17,2,3,2,6,0,0,0,1,0,1,0,0,"735069,357503287028521","5690543,359295260161161",12.373519161,51.3175481710001,4,4,4,Süd
247156,14220610144200498761,14,7,13,000,2022,06,10,6,3,5,3,0,0,0,1,0,0,0,1,"731002,710784542956389","5693544,657855769619346",12.317209631,51.3461558490001,7,7,7,Alt-West
247161,14220427148110274370,14,7,13,000,2022,04,17,4,3,1,5,0,0,0,1,0,0,0,1,"736592,587472129031084","5695725,242919780313969",12.3987804390001,51.363430371,9,9,9,Nord
247164,14220511148410304790,14,7,13,000,2022,05,15,4,3,5,3,0,0,1,1,0,0,0,0,"736168,502773122047074","5692947,902742859907448",12.390856925,51.3386768710001,0,0,0,Mitte
247169,14220523148210344500,14,7,13,000,2022,05,18,2,3,3,6,0,0,0,1,0,1,0,0,"742155,002182672964409","5693356,883839259855449",12.476920046,51.339830105,2,2,2,Ost
247170,14220526148320384020,14,7,13,000,2022,05,15,5,3,9,1,0,0,0,0,0,1,0,0,"727230,493214820045978","5690799,590562489815056",12.2613846080001,51.3230325900001,6,6,6,West
247171,14220531144200413400,14,7,13,000,2022,05,06,3,3,3,6,0,0,0,1,0,1,0,0,"732576,740467148949392","5692080,065114179626107",12.338815348,51.3323669060001,5,5,5,Südwest
247176,14220611148310382810,14,7,13,000,2022,06,16,7,3,1,7,0,0,0,1,0,0,0,1,"727255,037413132027723","5695243,807099590077996",12.264572517,51.3629201890001,7,7,7,Alt-West
247179,14220414148210255370,14,7,13,000,2022,04,09,5,3,5,2,0,0,1,1,0,0,0,0,"734633,785001495969482","5690904,053986120037735",12.367517122,51.320965684,4,4,4,Süd
247183,14220423148310274390,14,7,13,000,2022,04,19,7,3,2,6,0,0,0,1,0,0,0,0,"731538,156268313992769","5691740,000342049635947",12.323711717,51.329737924,7,7,7,Alt-West
247184,14220512148210344120,14,7,13,000,2022,05,12,5,3,0,6,0,0,1,0,0,0,0,0,"739916,623976718983613","5693773,950332660228014",12.445124504,51.344522356,2,2,2,Ost
247189,14220428144200274350,14,7,13,000,2022,04,11,5,3,6,2,0,0,0,1,1,0,0,0,"734126,787277878029272","5696546,726000379770994",12.363964654,51.371825803,9,9,9,Nord
247192,14220614144200391100,14,7,13,000,2022,06,17,3,2,5,3,0,0,1,0,0,0,1,0,"731715,571484165033326","5692790,051568959839642",12.3269368270001,51.3390918000001,7,7,7,Alt-West
247196,14220421148410255030,14,7,13,000,2022,04,08,5,3,5,3,0,1,0,1,0,0,0,0,"737268,713001532014459","5693462,487984789535403",12.4069664130001,51.3428378500001,2,2,2,Ost
247198,14220530145400354210,14,7,13,000,2022,05,11,2,3,5,3,0,0,1,1,0,0,0,0,"732550,959226481034420","5692615,911338710226119",12.338795681,51.3371875810001,7,7,7,Alt-West
247201,14220613144200383550,14,7,13,000,2022,06,11,2,3,6,4,0,0,0,1,1,0,0,0,"736713,950475431978703","5693776,840899039991200",12.3992245640001,51.3458907510001,2,2,2,Ost
247202,14220603144200372190,14,7,13,000,2022,06,18,6,2,5,3,0,0,1,0,0,0,0,0,"734336,973809157032520","5699679,103214990347624",12.369045413,51.399856463,9,9,9,Nord
247204,14220427144200304240,14,7,13,000,2022,04,13,4,2,5,3,0,0,1,1,0,0,0,0,"731269,832588074961677","5693463,063653090037405",12.320985598,51.3453147880001,7,7,7,Alt-West
247206,14220506148423296190,14,7,13,000,2022,05,07,6,3,5,3,0,0,1,1,0,0,0,0,"737439,231060269055888","5693007,649277590215206",12.4091070170001,51.338684017,2,2,2,Ost
247208,14220512144200319470,14,7,13,000,2022,05,17,5,2,0,7,0,0,0,0,0,0,0,1,"740681,721871130052023","5693921,670369979925454",12.4561894830001,51.3455248720001,2,2,2,Ost
247211,14220519148410334630,14,7,13,000,2022,05,12,5,3,1,6,0,0,0,1,0,0,0,0,"734408,562194227008149","5692974,393311549909413",12.365652488,51.339642848,0,0,0,Mitte
247214,14220530148310364810,14,7,13,000,2022,05,16,2,3,5,3,0,0,1,1,0,0,0,0,"732241,426081247976981","5691854,427253689616919",12.333863352,51.3304784200001,5,5,5,Südwest
247225,14220523148210334090,14,7,13,000,2022,05,12,2,3,8,1,0,0,0,1,0,0,0,0,"739731,471705210977234","5688217,932233760133386",12.438735668,51.2947308490001,3,3,3,Südost
247229,14220514148210319530,14,7,13,000,2022,05,13,7,3,5,2,0,0,1,1,0,0,0,0,"732973,774001467972994","5691187,100986859761178",12.343920939,51.3241885840001,5,5,5,Südwest
247236,14220522148210344110,14,7,13,000,2022,05,15,1,3,5,3,0,0,0,1,0,0,0,0,"737014,306416308041662","5691838,605111620388925",12.402239932,51.3283678010001,3,3,3,Südost
247243,14220516148410319610,14,7,13,000,2022,05,07,2,3,2,6,0,0,0,1,0,0,0,0,"734314,452224359964021","5691791,754345900379121",12.363525968,51.3290657060001,0,0,0,Mitte
247253,14220530144200402130,14,7,13,000,2022,05,09,2,3,2,6,0,0,0,1,0,0,0,0,"737374,444091220037080","5692663,665339469909668",12.4079493690001,51.335623443,3,3,3,Südost
247257,14220606148410364250,14,7,13,000,2022,06,14,2,3,2,6,0,0,0,1,0,0,0,0,"736474,687891506007873","5693785,564001750200987",12.3958010170001,51.346068621,2,2,2,Ost
247261,14220524144200343690,14,7,13,000,2022,05,15,3,3,5,3,0,0,1,1,0,0,0,0,"735771,576583581045270","5693208,432116819545627",12.3853410940001,51.3411801570001,0,0,0,Mitte
247262,14220527148410344160,14,7,13,000,2022,05,08,6,3,5,3,0,1,1,1,0,0,0,0,"736337,236318844021298","5692763,981167189776897",12.393152979,51.336955856,0,0,0,Mitte
247264,14220426148110296170,14,7,13,000,2022,04,17,3,3,0,4,0,0,1,0,1,0,0,0,"737200,633541404036805","5696702,311091319657862",12.40815052,51.371947031,1,1,1,Nordost
247266,14220430148211274680,14,7,13,000,2022,04,12,7,3,1,1,0,0,0,1,0,0,0,0,"736776,275001539033838","5689062,683985140174627",12.396986693,51.3035497340001,4,4,4,Süd
247268,14220611145400383100,14,7,13,000,2022,06,21,7,3,5,3,0,0,0,1,0,0,0,1,"734787,043259000987746","5692511,200306319631636",12.370771357,51.3353288980001,0,0,0,Mitte
247280,14220429148221707710,14,7,13,000,2022,04,09,6,2,0,1,0,0,1,0,0,0,0,0,"735203,018410810036585","5689533,671595050022006",12.374768042,51.308429582,4,4,4,Süd
247282,14220612148410391240,14,7,13,000,2022,06,02,1,3,0,7,2,0,1,0,0,0,0,0,"734885,356489452999085","5693389,657401409931481",12.3727594910001,51.3431736750001,0,0,0,Mitte
247284,14220517148410319560,14,7,13,000,2022,05,23,3,3,1,6,2,0,0,1,0,1,0,0,"734225,183353865984827","5692079,311066320165992",12.362435906,51.3316837200001,0,0,0,Mitte
247285,14220601148310364240,14,7,13,000,2022,06,08,4,3,5,3,0,0,1,1,0,0,0,0,"727222,553198348032311","5689678,311803960241377",12.2605563870001,51.3129695550001,6,6,6,West
247297,14220427148310295140,14,7,13,000,2022,04,15,4,3,5,3,0,0,1,1,0,0,0,0,"732058,018259737989865","5692939,484146079979837",12.331942068,51.3402935770001,7,7,7,Alt-West
247299,14220508148410319570,14,7,13,000,2022,05,05,1,3,0,7,1,0,1,0,0,0,0,0,"737207,856617277022451","5693757,483357749879360",12.4062907410001,51.34551114,2,2,2,Ost
247307,14220515148210430210,14,7,13,000,2022,05,15,1,3,5,3,0,0,0,1,0,1,0,0,"737926,931938130990602","5689238,109423969872296",12.4135805400001,51.304644711,3,3,3,Südost
247314,14220510144320364780,14,7,13,000,2022,05,21,3,3,5,3,1,0,1,1,0,0,0,0,"735666,961557758040726","5692503,549351939931512",12.3833754340001,51.3348962950001,0,0,0,Mitte
247318,14220514148410332500,14,7,13,000,2022,05,09,7,3,6,7,0,0,0,1,1,0,0,0,"734380,756001489004120","5691537,129986230283976",12.3643085370001,51.3267527610001,4,4,4,Süd
247321,14220611144200391120,14,7,13,000,2022,06,11,7,3,3,7,0,0,0,1,0,0,0,0,"739411,468429918051697","5693885,755194419994950",12.437959845,51.345738827,2,2,2,Ost
247322,14220604148410391620,14,7,13,000,2022,06,04,7,3,1,5,1,0,1,1,0,0,0,0,"736898,880171324010007","5693549,929822700098157",12.4017241720001,51.343776946,2,2,2,Ost
247324,14220414144200691780,14,7,13,000,2022,04,23,5,3,1,1,2,1,0,1,0,0,0,1,"731770,688503526966088","5690140,564074080437422",12.3260038820001,51.315285353,5,5,5,Südwest
247328,14220423144200255320,14,7,13,000,2022,04,20,7,2,5,7,0,0,0,1,0,1,0,0,"736878,245002493960783","5695948,983497000299394",12.4030253080001,51.3653196600001,1,1,1,Nordost
247330,14220502144200274360,14,7,13,000,2022,05,15,2,3,6,2,0,0,0,1,1,0,0,0,"731728,060580112040043","5690704,967236979864538",12.325760008,51.320369274,5,5,5,Südwest
247331,14220610148410391250,14,7,13,000,2022,06,08,6,3,5,2,0,0,1,1,0,0,0,0,"734800,805441249045543","5693002,260240829549730",12.371292254,51.3397311680001,0,0,0,Mitte
247333,14220419144200282090,14,7,13,000,2022,04,06,3,2,5,2,0,0,0,1,0,1,0,0,"731781,202063361997716","5691740,477119550108910",12.327194618,51.329643225,5,5,5,Südwest
247335,14220530148423355240,14,7,13,000,2022,05,13,2,3,1,5,0,0,1,1,0,0,0,0,"736139,114652410033159","5693457,266364649869502",12.3907734970001,51.3432612340001,0,0,0,Mitte
247338,14220508144200304750,14,7,13,000,2022,05,18,1,3,5,3,0,0,1,1,0,0,0,0,"728311,140989618026651","5689815,135740160010755",12.276237435,51.313762249,6,6,6,West
247342,14220525148410343330,14,7,13,000,2022,05,11,4,3,5,2,0,0,1,1,0,0,0,0,"736780,181318911025301","5690613,749918630346656",12.398072031,51.3174707860001,0,0,0,Mitte
247350,14220517148110320050,14,7,13,000,2022,05,12,3,3,2,2,0,0,0,1,0,0,0,0,"734484,801467807032168","5698505,986664599739015",12.37039201,51.389265127,9,9,9,Nord
247352,14220412148210237450,14,7,13,000,2022,04,20,3,3,6,6,1,0,0,1,1,0,0,0,"735413,162047761026770","5689501,977799619548023",12.377756719,51.3080582250001,4,4,4,Süd
247366,14220605148310429200,14,7,13,000,2022,06,20,1,2,0,1,0,1,1,0,0,0,0,0,"732353,958001452032477","5692545,111987110227346",12.335926252,51.3366325580001,7,7,7,Alt-West
247367,14220601148210382510,14,7,13,000,2022,06,16,4,3,3,6,0,0,0,1,0,0,0,1,"737932,128880557953380","5693897,211210919544101",12.416764798,51.3464626890001,2,2,2,Ost
247370,14220523148110334060,14,7,13,000,2022,05,14,2,3,5,3,0,0,1,0,0,0,0,0,"737336,776426992029883","5698629,222147620283067",12.4113899450001,51.389186054,1,1,1,Nordost
247374,14220429144200319500,14,7,13,000,2022,04,16,6,3,5,3,0,0,1,1,0,0,0,0,"736336,524279693956487","5692764,181640489958227",12.3931429080001,51.336957951,0,0,0,Mitte
247379,14220427148410319580,14,7,13,000,2022,04,17,4,3,0,4,0,0,1,0,1,0,0,0,"735100,130565903964452","5692404,626025550067425",12.375187569,51.334242913,0,0,0,Mitte
247385,14220610148110391160,14,7,13,000,2022,06,07,6,3,1,7,0,0,1,1,0,0,0,0,"737236,181641309056431","5694951,183425529859960",12.4074923090001,51.35621403,1,1,1,Nordost
247386,14220519148310383130,14,7,13,000,2022,05,00,5,3,3,6,2,0,1,1,0,0,0,0,"732626,499369426048361","5691474,279147610068321",12.3391329410001,51.3269085950001,5,5,5,Südwest
247393,14220511148210332870,14,7,13,000,2022,05,16,4,2,3,2,0,0,1,1,0,0,0,0,"735588,656061402987689","5692241,374908099882305",12.3820799820001,51.3325753780001,0,0,0,Mitte
247395,14220518148410320120,14,7,13,000,2022,05,17,4,3,2,6,0,0,1,0,0,0,0,0,"734954,083001493010670","5693388,250985920429230",12.373743583,51.343132655,0,0,0,Mitte
247399,14220523144200363300,14,7,13,000,2022,05,09,2,2,5,3,0,0,1,1,0,0,0,0,"737818,115781215950847","5691226,601518739946187",12.413348032,51.3225389840001,3,3,3,Südost
247402,14220513148310334110,14,7,13,000,2022,05,11,6,3,2,6,0,0,0,1,0,1,0,0,"730069,492659991024993","5688569,959790560416877",12.300621934,51.3018761500001,5,5,5,Südwest
247404,14220504148110295380,14,7,13,000,2022,05,14,4,3,5,3,0,0,1,1,0,0,0,0,"733704,189512653043494","5697348,593328139744699",12.358431163,51.3791977720001,9,9,9,Nord
247405,14220610148410391260,14,7,13,000,2022,06,09,6,3,6,6,0,0,1,0,1,0,0,0,"735416,740528458030894","5692971,529859419912100",12.380099096,51.3392006650001,0,0,0,Mitte
247410,14220608144200383520,14,7,13,000,2022,06,10,4,3,5,2,0,0,1,1,0,0,0,0,"727209,182419007993303","5693565,069790629670024",12.262843048,51.3478679080001,7,7,7,Alt-West
247414,14220523144200344060,14,7,13,000,2022,05,08,2,3,3,5,0,0,0,1,0,0,0,1,"738795,780059591983445","5691080,010957290418446",12.427255148,51.3208137450001,3,3,3,Südost
247416,14220531148110383980,14,7,13,000,2022,05,15,3,3,3,6,0,0,1,0,0,0,0,0,"735626,842370818019845","5695938,316428620368242",12.385074204,51.3657442950001,9,9,9,Nord
247421,14220606148210364220,14,7,13,000,2022,06,11,2,3,0,1,0,0,1,0,0,0,0,0,"743045,120399903971702","5694145,955966359935701",12.4902137080001,51.3465325130001,2,2,2,Ost
247425,14220525148410343740,14,7,13,000,2022,05,18,4,3,6,3,0,0,1,0,1,0,0,0,"735047,311741604004055","5691296,636152570135891",12.3736999390001,51.324318996,4,4,4,Süd
247426,14220425144200273110,14,7,13,000,2022,04,14,2,3,4,7,0,0,0,1,0,0,0,1,"734403,429061106988229","5692968,482541699893773",12.365575033,51.3395919060001,0,0,0,Mitte
247432,14220516144200318870,14,7,13,000,2022,05,16,2,2,5,2,0,0,1,1,0,0,0,0,"737284,505040682968684","5692943,874078200198710",12.406847224,51.3381761480001,2,2,2,Ost
247433,14220427148110295390,14,7,13,000,2022,04,10,4,3,1,5,0,0,1,0,0,0,0,1,"734900,757853545015678","5695685,238982570357621",12.374495402,51.3637732650001,9,9,9,Nord
247436,14220423148210255380,14,7,13,000,2022,04,15,7,3,5,3,0,0,1,1,0,0,0,0,"741634,053342300001532","5689227,703328589908779",12.4666565530001,51.302990165,3,3,3,Südost
247450,14220518144200364610,14,7,13,000,2022,05,17,4,3,6,4,0,0,1,0,1,0,0,0,"737725,208211845019832","5693738,236078569665551",12.413692887,51.3451222900001,2,2,2,Ost
247453,14220523144100334490,14,7,13,000,2022,05,16,2,3,3,2,0,0,1,1,0,0,0,0,"735012,015867699054070","5695129,671965859830379",12.3757236810001,51.3587403080001,9,9,9,Nord
247454,14220527144200344090,14,7,13,000,2022,05,19,6,2,7,1,0,0,1,0,0,0,0,0,"737294,669000654015690","5700484,927182340063155",12.4120263070001,51.405860347,9,9,9,Nord
247455,14220531148210440310,14,7,13,000,2022,05,16,3,3,2,2,0,0,1,1,0,0,0,0,"738745,644376114010811","5690835,128226010128856",12.426373013,51.318636736,3,3,3,Südost
247457,14220513148410317960,14,7,13,000,2022,05,13,6,3,5,2,0,0,1,1,0,0,0,0,"734786,657215069979429","5692628,481949090026319",12.3708431200001,51.336381825,0,0,0,Mitte
247460,14220611148210391190,14,7,13,000,2022,06,12,7,3,6,4,0,0,1,0,1,0,0,0,"738552,390489330980927","5691147,434265710413456",12.423813769,51.3215210180001,3,3,3,Südost
247464,14220414148310305350,14,7,13,000,2022,04,16,5,3,5,3,0,1,1,1,0,0,0,0,"732198,917170249042101","5690489,395725239999592",12.332365109,51.3182421930001,5,5,5,Südwest
247471,14220609148410383650,14,7,13,000,2022,06,23,5,3,5,3,2,0,0,1,0,0,0,0,"739496,067314640036784","5691861,961678540334105",12.437811771,51.3275380800001,2,2,2,Ost