OBJECTID,UIDENTSTLAE,ULAND,UREGBEZ,UKREIS,UGEMEINDE,UJAHR,UMONAT,USTUNDE,UWOCHENTAG,UKATEGORIE,UART,UTYP1,ULICHTVERH,IstStrassenzustand,IstRad,IstPKW,IstFuss,IstKrad,IstGkfz,IstSonstige,LINREFX,LINREFY,XGCSWGS84,YGCSWGS84,index_right,FID,SBZ,Name
248556,14220712148410519890,14,7,13,000,2022,07,18,3,3,3,6,0,0,1,1,0,0,0,0,"734837,120139991049655","5692992,041259479708970",12.371805957,51.339624443,0,0,0,Mitte
248558,14220617144200429640,14,7,13,000,2022,06,12,6,3,3,2,0,0,1,0,0,0,0,0,"741670,623234977945685","5693992,844687970355153",12.4704105050001,51.345744208,2,2,2,Ost
248568,14220627148410484520,14,7,13,000,2022,06,07,2,3,5,3,0,0,1,1,0,0,0,0,"737288,793886712053791","5693902,542966780252755",12.407547466,51.346779428,2,2,2,Ost
248569,14220725148410535560,14,7,13,000,2022,07,11,2,3,1,6,0,0,0,1,0,0,0,0,"734849,354368748958223","5691849,075343100354075",12.371227876,51.3293596670001,0,0,0,Mitte
248577,14220717144200507100,14,7,13,000,2022,07,12,1,2,0,1,0,0,0,1,0,1,0,0,"729469,644764046999626","5691096,718157050199807",12.293657151,51.3248013050001,6,6,6,West
248584,14220620148421413830,14,7,13,000,2022,06,14,2,3,6,1,0,1,0,1,1,0,0,0,"737235,100610111956485","5692162,293258240446448",12.4056188060001,51.331181224,3,3,3,Südost
248590,14220629148210484440,14,7,13,000,2022,06,16,4,3,2,6,0,0,0,1,0,0,0,0,"734318,514923361944966","5690955,928985429927707",12.3630347590001,51.321561252,4,4,4,Süd
248595,14220807148310560140,14,7,13,000,2022,08,12,1,3,0,7,0,0,1,0,0,0,0,0,"728488,952247223001905","5689918,647560990415514",12.2788508310001,51.3146201490001,6,6,6,West
248598,14220709148410483100,14,7,13,000,2022,07,22,7,3,2,6,2,0,0,1,0,0,0,0,"737168,060166519950144","5693758,936564359813929",12.4057213190001,51.3455407860001,2,2,2,Ost
248602,14220806144200554480,14,7,13,000,2022,08,12,7,3,2,6,0,0,0,1,0,0,0,0,"738489,243001549039036","5693615,290984160266817",12.4245609430001,51.3436987740001,2,2,2,Ost
248603,14220624144200428870,14,7,13,000,2022,06,08,6,3,5,2,0,0,0,1,0,0,1,0,"735697,834706782014109","5695746,280147049576044",12.385964921,51.3639910860001,9,9,9,Nord
248607,14220707148310482250,14,7,13,000,2022,07,13,5,3,1,1,0,1,1,1,0,0,0,0,"732440,091348498011939","5691686,045732740312815",12.3366002110001,51.3288857590001,5,5,5,Südwest
248611,14220622144200413700,14,7,13,000,2022,06,19,4,3,5,3,0,0,1,1,0,0,0,0,"732559,366447885986418","5691489,438302059657872",12.3381809580001,51.3270721210001,5,5,5,Südwest
248613,14220718148410499531,14,7,13,000,2022,07,19,2,3,1,1,0,0,1,1,0,0,0,0,"735008,827541391015984","5692135,704804670065641",12.3737018570001,51.331866706,0,0,0,Mitte
248616,14220616144200391560,14,7,13,000,2022,06,14,5,2,6,4,0,0,0,0,1,0,0,1,"739897,772789099952206","5693964,429286899976432",12.444982668,51.346239993,2,2,2,Ost
248618,14220731148410553800,14,7,13,000,2022,07,01,1,3,0,7,2,0,1,0,0,0,0,0,"735735,829561869963072","5692754,697758439928293",12.3845284820001,51.337122133,0,0,0,Mitte
248619,14220713148120507090,14,7,13,000,2022,07,10,4,3,5,2,0,0,1,0,0,0,0,1,"734053,176515900995582","5695305,838389039970934",12.3620922800001,51.3607173890001,9,9,9,Nord
248628,14220808148210579890,14,7,13,000,2022,08,12,2,3,6,2,0,0,0,1,1,0,0,0,"739914,285730215953663","5694550,606395379640162",12.445614382,51.3514943700001,2,2,2,Ost
248629,14220615144200391570,14,7,13,000,2022,06,15,4,3,1,6,0,0,1,1,0,0,0,1,"735390,760712480056100","5691210,677122459746897",12.378563607,51.3234054100001,4,4,4,Süd
248633,14220721148410519300,14,7,13,000,2022,07,17,5,3,4,2,1,0,1,0,0,0,0,1,"735761,411668729968369","5692861,888626139611006",12.3849660280001,51.3380737030001,0,0,0,Mitte
248638,14220628143263454640,14,7,13,000,2022,06,08,3,3,7,7,0,0,1,0,0,0,0,0,"733075,974084866000339","5691850,485148400068283",12.3458189570001,51.330101696,5,5,5,Südwest
248639,14220614148410384030,14,7,13,000,2022,06,18,3,3,4,6,0,0,1,0,0,0,0,1,"734819,799001493025571","5692780,216985999606550",12.3714180760001,51.337730177,0,0,0,Mitte
248648,14220720144200518390,14,7,13,000,2022,07,18,4,3,3,2,0,0,0,1,0,0,0,1,"736599,855480447993614","5690094,904524750076234",12.3951448500001,51.312888517,0,0,0,Mitte
248649,14220624144320454650,14,7,13,000,2022,06,08,6,3,2,2,0,0,0,1,0,0,0,0,"735210,449170968029648","5695145,482051650062203",12.3785791190001,51.3588001260001,0,0,0,Mitte
248652,14220617144200403110,14,7,13,000,2022,06,17,6,3,5,3,0,0,1,1,0,0,0,0,"735032,277216332033277","5696508,428752769716084",12.3769253130001,51.3711080780001,9,9,9,Nord
248659,14220720144200507900,14,7,13,000,2022,07,12,4,3,5,2,0,0,1,0,0,0,1,0,"735316,573131922981702","5694122,794205539859831",12.3794244100001,51.34957624,0,0,0,Mitte
248666,14220713144200498471,14,7,13,000,2022,07,15,4,3,6,7,0,0,0,0,1,0,1,0,"735045,962259783991612","5693266,845976839773357",12.3749803040001,51.3420049060001,0,0,0,Mitte
248668,14220621148421507980,14,7,13,000,2022,06,17,3,3,5,3,0,0,1,1,0,0,0,0,"736358,856864965055138","5693791,139843420125544",12.394144507,51.346166838,0,0,0,Mitte
248680,14220716145400499051,14,7,13,000,2022,07,19,7,3,8,1,0,0,1,0,0,0,0,0,"742228,802239062031731","5695059,569697500206530",12.4791360510001,51.355080925,2,2,2,Ost
248688,14220726148310535930,14,7,13,000,2022,07,19,3,3,3,6,0,0,1,1,0,0,0,0,"732576,373135618981905","5692086,045814150013030",12.338813988,51.3324207430001,7,7,7,Alt-West
248696,14220711148310483870,14,7,13,000,2022,07,15,2,3,1,1,0,0,0,1,0,1,0,0,"731863,300037920009345","5689255,920136550441384",12.3267555310001,51.307306317,5,5,5,Südwest
248700,14220616148410402200,14,7,13,000,2022,06,17,5,3,0,5,0,0,1,1,0,0,0,0,"737095,129931102972478","5693761,820070729590952",12.4046779500001,51.345597087,2,2,2,Ost
248720,14220714144200523490,14,7,13,000,2022,07,18,5,3,5,3,0,0,1,1,0,0,0,0,"737186,807878797990270","5693842,304457769729197",12.406045561,51.3462812810001,2,2,2,Ost
248727,14220727148410553320,14,7,13,000,2022,07,13,4,3,3,2,0,0,1,1,0,0,0,0,"735089,773472832981497","5694811,634151520207524",12.3766283800001,51.3558533360001,0,0,0,Mitte
248732,14220619148310402470,14,7,13,000,2022,06,02,1,3,0,1,2,0,1,0,0,0,0,0,"732745,360758919036016","5692738,663286750204861",12.341661867,51.338209958,7,7,7,Alt-West
248754,14220624148310440320,14,7,13,000,2022,06,07,6,3,5,3,0,0,0,1,0,0,0,0,"732327,214163050055504","5691367,520087120123208",12.334775216,51.326072545,5,5,5,Südwest
248756,14220704148410484530,14,7,13,000,2022,07,05,2,3,5,2,0,0,1,1,0,0,0,0,"737243,421499656047672","5692225,880811629816890",12.4057803650001,51.3317485220001,3,3,3,Südost
248759,14220615148110391150,14,7,13,000,2022,06,21,4,3,5,2,1,0,1,1,0,0,0,0,"734098,450661887996830","5696320,375330319628119",12.3634092250001,51.3698056630001,9,9,9,Nord
248763,14220624144200440240,14,7,13,000,2022,06,14,6,3,5,2,0,0,0,1,0,0,0,0,"735256,269613047945313","5692281,140908529981971",12.377343447,51.3330699050001,0,0,0,Mitte
248764,14220720148110535890,14,7,13,000,2022,07,08,4,3,4,2,0,0,1,1,0,0,0,0,"738560,238787133013830","5697630,979977879673243",12.4282714770001,51.3797131950001,1,1,1,Nordost
248766,14220805148410555320,14,7,13,000,2022,08,14,6,3,2,6,0,0,0,1,0,0,0,1,"734756,589001488056965","5693856,466985999606550",12.371221712,51.347417121,0,0,0,Mitte
248770,14220617148410402480,14,7,13,000,2022,06,10,6,3,5,2,0,0,1,0,0,0,0,1,"733891,013016110053286","5693354,091225179843605",12.3584845730001,51.343264321,0,0,0,Mitte
248771,14220707148410507740,14,7,13,000,2022,07,15,5,3,0,1,0,1,1,0,0,0,0,0,"737560,348768115974963","5693744,569754320196807",12.411334266,51.3452480500001,2,2,2,Ost
248774,14220803144200553730,14,7,13,000,2022,08,13,4,3,9,1,0,0,0,0,0,1,0,0,"728522,248001388972625","5690179,758988720364869",12.2794950950001,51.3169508500001,6,6,6,West
248781,14220616148410453510,14,7,13,000,2022,06,08,5,3,0,1,0,0,1,0,0,0,0,0,"733859,946487208013423","5691994,228471850045025",12.3571465540001,51.3310702530001,0,0,0,Mitte
248785,14220618148110430730,14,7,13,000,2022,06,23,7,3,6,2,2,0,0,1,1,0,0,0,"732389,702704380033538","5696301,778288809582591",12.3388915690001,51.3703403660001,8,8,8,Nordwest
248788,14220721144200554090,14,7,13,000,2022,07,15,5,3,5,3,0,0,1,1,0,0,0,0,"735559,755472062039189","5692149,013998810201883",12.381604807,51.3317582870001,0,0,0,Mitte
248790,14220803148410612980,14,7,13,000,2022,08,11,4,3,6,7,0,0,0,1,1,0,0,0,"735947,177181644015945","5692152,142776359803975",12.38715813,51.3316257990001,0,0,0,Mitte
248792,14220712148320489050,14,7,13,000,2022,07,20,3,3,5,3,2,0,0,1,0,0,0,1,"730819,243462685029954","5694490,697712969966233",12.3151932440001,51.35472287,7,7,7,Alt-West
248793,14220719148410507730,14,7,13,000,2022,07,20,3,3,5,3,1,0,1,1,0,0,0,0,"736338,490787434973754","5692760,549511579796672",12.393168679,51.3369245310001,0,0,0,Mitte
248797,14220616144200403440,14,7,13,000,2022,06,15,5,3,6,4,0,0,0,1,1,0,0,0,"738372,529875188949518","5690900,538881840184331",12.421072215,51.3193802690001,3,3,3,Südost
248799,14220730148410536260,14,7,13,000,2022,07,10,7,3,5,3,0,1,0,1,0,0,0,0,"733795,490756251965649","5694156,421174460090697",12.3576423590001,51.3505057340001,0,0,0,Mitte
248801,14220621144200413370,14,7,13,000,2022,06,14,3,3,6,6,0,0,0,0,1,0,0,1,"733653,169267356046475","5697776,288766389712691",12.357980576,51.3830579570001,8,8,8,Nordwest
248807,14220728148410535100,14,7,13,000,2022,07,07,5,3,5,3,0,0,0,1,0,0,0,0,"736523,773547439021058","5693231,985241959802806",12.3961368660001,51.3410791900001,2,2,2,Ost
248809,14220620148310403140,14,7,13,000,2022,06,12,2,3,2,2,0,1,0,1,0,0,1,0,"729938,791180826956406","5694331,171024319715798",12.302467074,51.353647697,7,7,7,Alt-West
248810,14220709148310483070,14,7,13,000,2022,07,17,7,2,0,1,0,0,0,0,0,1,0,0,"729215,690826467005536","5694940,930975119583309",12.2924928780001,51.359413653,7,7,7,Alt-West
248812,14220720148110507950,14,7,13,000,2022,07,18,4,3,1,6,0,0,0,1,0,0,0,0,"732235,737075194017962","5696212,828426700085402",12.336625376,51.3696048620001,8,8,8,Nordwest
248819,14220707144100523450,14,7,13,000,2022,07,10,5,3,1,5,0,1,1,1,0,0,0,0,"734944,854802618036047","5692826,898897520266473",12.3732410110001,51.3380975600001,0,0,0,Mitte
248824,14220712148410484500,14,7,13,000,2022,07,06,3,3,5,3,0,0,0,1,0,0,0,0,"735095,965741727966815","5694522,863439420238137",12.376526385,51.3532586740001,0,0,0,Mitte
248827,14220627148110482710,14,7,13,000,2022,06,23,2,3,0,1,2,0,1,0,0,0,0,0,"734546,851219687028788","5695223,128419970162213",12.369116063,51.3597713930001,9,9,9,Nord
248836,14220626144200429660,14,7,13,000,2022,06,09,1,2,5,3,0,0,0,1,0,0,0,1,"730978,892864797962829","5693562,645722770132124",12.3168798900001,51.3463270010001,7,7,7,Alt-West
248838,14220704144200535880,14,7,13,000,2022,07,09,2,3,4,6,0,0,0,1,0,0,0,0,"734659,168779363040812","5693801,536063640378416",12.369789102,51.34696426,0,0,0,Mitte
248841,14220713148320489070,14,7,13,000,2022,07,19,4,3,1,7,0,0,0,1,0,0,0,0,"731178,655961128999479","5691915,606067189946771",12.3186743410001,51.331460533,7,7,7,Alt-West
248842,14220621144200430160,14,7,13,000,2022,06,17,3,2,6,4,0,0,0,0,1,0,0,1,"731178,926858550054021","5691930,832300609908998",12.3186881010001,51.3315971070001,7,7,7,Alt-West
248848,14220727144310605500,14,7,13,000,2022,07,19,4,3,3,2,0,0,1,1,0,0,0,0,"735038,558619915973395","5691406,197582329623401",12.3736467750001,51.325306079,0,0,0,Mitte
248852,14220715144200498451,14,7,13,000,2022,07,13,6,3,5,2,0,0,1,1,0,0,0,0,"735022,832879898021929","5692405,673083630390465",12.3740806110001,51.3342842580001,0,0,0,Mitte
248856,14220623148410430270,14,7,13,000,2022,06,17,5,3,5,3,0,0,1,1,0,0,0,0,"734414,346065849997103","5692243,872998929582536",12.365254679,51.33308298,0,0,0,Mitte
248864,14220630144200453850,14,7,13,000,2022,06,15,5,3,6,4,0,0,1,1,1,0,0,0,"731044,743696897057816","5694471,059377710334957",12.318413461,51.3544549530001,7,7,7,Alt-West
248870,14220725148110605460,14,7,13,000,2022,07,10,2,3,5,3,0,0,1,1,0,0,0,0,"734601,975567938992754","5695323,732706530019641",12.369972762,51.3606517000001,9,9,9,Nord
248871,14220616148210429690,14,7,13,000,2022,06,17,5,3,3,2,0,0,1,1,0,0,0,0,"735096,075610314030200","5694133,029717880301178",12.3762704700001,51.349759352,0,0,0,Mitte
248874,14220713144200489010,14,7,13,000,2022,07,14,4,3,3,2,0,0,1,1,0,0,0,0,"735588,704449034994468","5692241,531431660056114",12.382080779,51.3325767630001,0,0,0,Mitte
248886,14220706148110483370,14,7,13,000,2022,07,22,4,3,3,1,2,0,1,1,0,0,0,0,"734504,583188727032393","5695003,608132259920239",12.368365344,51.357818337,9,9,9,Nord
248887,14220715144200555300,14,7,13,000,2022,07,18,6,3,5,2,0,0,1,1,0,0,0,0,"737180,591015569050796","5693758,485337009653449",12.405900619,51.3455315090001,2,2,2,Ost
248888,14220721144200507930,14,7,13,000,2022,07,00,5,3,5,3,2,0,1,0,0,1,0,0,"735478,862813360057771","5695646,767803389579058",12.3827592440001,51.363188635,9,9,9,Nord
248889,14220702148410481690,14,7,13,000,2022,07,12,7,3,6,6,0,0,1,0,1,0,0,0,"733857,486590988002717","5693437,341269680298865",12.3580587220001,51.3440254060001,0,0,0,Mitte
248894,14220628148310453910,14,7,13,000,2022,06,11,3,3,1,5,0,0,0,1,0,0,0,0,"731941,907519094995223","5688703,164256249554455",12.3275221010001,51.302312289,5,5,5,Südwest
248903,14220715148410517740,14,7,13,000,2022,07,12,6,3,5,3,0,0,1,0,0,0,0,0,"735593,802195479976945","5693138,999431909993291",12.382747357,51.3406305930001,0,0,0,Mitte
248904,14220720144200519830,14,7,13,000,2022,07,16,4,2,5,3,0,0,1,1,0,0,0,0,"737262,920401007053442","5692934,709345029667020",12.4065318030001,51.3381028900001,3,3,3,Südost
248907,14220623144200413730,14,7,13,000,2022,06,14,5,3,6,4,0,0,1,0,1,0,0,0,"735096,509466234012507","5694427,853227670304477",12.376471419,51.352405607,0,0,0,Mitte
248912,14220617148423403630,14,7,13,000,2022,06,00,6,3,6,4,2,0,1,0,1,0,0,0,"735341,310936111025512","5693434,838291199877858",12.379324265,51.3433906930001,0,0,0,Mitte
248913,14220706148110483360,14,7,13,000,2022,07,10,4,3,3,2,0,0,0,0,0,0,1,1,"729817,788740335032344","5700939,356557919643819",12.305006986,51.413018031,8,8,8,Nordwest
248914,14220801144200536650,14,7,13,000,2022,08,09,2,3,4,7,0,1,0,1,0,0,0,0,"739487,332734777010046","5692312,306145570240915",12.4379892600001,51.331583956,2,2,2,Ost
248917,14220622148400430260,14,7,13,000,2022,06,13,4,3,0,1,0,0,1,0,0,0,0,0,"734834,133279395056888","5692994,623438909649849",12.3717648530001,51.3396488550001,0,0,0,Mitte
248924,14220729148410537180,14,7,13,000,2022,07,13,6,3,3,6,0,0,1,0,1,0,0,0,"735003,208001498947851","5692225,556985920295119",12.3736805940001,51.332675576,0,0,0,Mitte
248925,14220714144200519810,14,7,13,000,2022,07,12,5,3,4,2,0,0,1,1,0,0,0,0,"741385,504627872025594","5689595,054236330091953",12.4633461440001,51.306392777,3,3,3,Südost
248931,14220722148310542850,14,7,13,000,2022,07,11,6,3,5,3,0,0,1,1,0,0,0,0,"731484,757039904943667","5688733,989397630095482",12.320995483,51.302775038,5,5,5,Südwest
248932,14220704148210483860,14,7,13,000,2022,07,08,2,2,4,7,0,0,0,1,0,0,0,0,"741207,620001579984091","5696062,429982620291412",12.4651775840001,51.3645163940001,2,2,2,Ost
248938,14220706148110481650,14,7,13,000,2022,07,07,4,3,5,2,0,0,1,1,0,0,0,0,"735701,297591745969839","5695686,529127099551260",12.385974979,51.3634533110001,9,9,9,Nord
248940,14220721148210518990,14,7,13,000,2022,07,17,5,3,5,3,0,0,1,1,0,0,0,0,"737393,377844689995982","5691602,912324629724026",12.4075140420001,51.3260941450001,3,3,3,Südost
248944,14220712148210605971,14,7,13,000,2022,07,15,3,3,5,3,0,0,0,1,0,1,0,0,"735671,097194841946475","5689233,811858500353992",12.3812736090001,51.3055443530001,4,4,4,Süd
248957,14220722148410554970,14,7,13,000,2022,07,08,6,3,6,4,0,0,1,0,1,0,0,0,"735279,211870144004934","5692747,754876050166786",12.3779803460001,51.337248903,0,0,0,Mitte
248959,14220727148310691930,14,7,13,000,2022,07,15,4,3,5,3,0,0,1,0,0,0,0,0,"731120,122338837012649","5690015,574404469691217",12.316603813,51.3144278890001,5,5,5,Südwest
248962,14220715144200554460,14,7,13,000,2022,07,11,6,3,3,6,0,0,1,1,0,0,0,0,"734033,833557490957901","5696720,221524080261588",12.362745771,51.37342148,9,9,9,Nord
248965,14220827148210677350,14,7,13,000,2022,08,13,7,3,9,1,0,1,0,1,0,0,0,0,"736047,579322220990434","5688178,846374720335007",12.3859674460001,51.2959186840001,4,4,4,Süd
248968,14220926143263690970,14,7,13,000,2022,09,16,2,3,0,6,0,0,1,0,0,0,0,1,"735038,553638237994164","5690446,530152839608490",12.3730140970001,51.316691715,4,4,4,Süd
248969,14220824148110606340,14,7,13,000,2022,08,18,4,3,1,5,0,0,1,1,0,0,0,0,"729270,252258814987727","5697093,100946280173957",12.294662954,51.378711798,8,8,8,Nordwest
248974,14220905143263642950,14,7,13,000,2022,09,07,2,3,3,6,0,0,1,1,0,0,0,0,"734322,489464250043966","5694952,941210949793458",12.365721276,51.357438642,9,9,9,Nord
248977,14220929148110716530,14,7,13,000,2022,09,15,5,3,6,2,0,0,0,1,1,0,0,0,"734084,365694885957055","5695131,669871900230646",12.3624248720001,51.359141127,9,9,9,Nord
248980,14220924148210678850,14,7,13,000,2022,09,13,7,3,2,2,0,0,0,1,0,0,0,0,"741604,444455733057112","5693992,499527590349317",12.4694618080001,51.3457692370001,2,2,2,Ost
248990,14221012148410738170,14,7,13,000,2022,10,08,4,3,4,6,0,0,1,0,0,0,0,1,"735606,040801202994771","5693348,070249919779599",12.3830610690001,51.342502202,0,0,0,Mitte
248991,14220902148410643680,14,7,13,000,2022,09,09,6,3,3,6,0,0,0,1,0,1,0,0,"735358,730078974040225","5692603,185328369960189",12.379024369,51.335918296,0,0,0,Mitte
248999,14220926148410702960,14,7,13,000,2022,09,09,2,3,3,2,0,0,1,1,0,0,0,0,"735588,997204947052523","5692242,478433989919722",12.3820856,51.332585142,0,0,0,Mitte
249001,14220912148320653980,14,7,13,000,2022,09,09,2,3,5,2,0,0,1,0,0,0,1,0,"732391,787211438990198","5691545,337108749896288",12.3358163340001,51.3276423900001,5,5,5,Südwest
249006,14220905148410738180,14,7,13,000,2022,09,16,2,3,5,3,0,0,1,1,0,0,0,1,"734625,228775747003965","5694791,904546909965575",12.369955454,51.3558682070001,9,9,9,Nord
249008,14220907148410677380,14,7,13,000,2022,09,14,4,3,6,4,0,0,0,1,1,0,0,0,"735768,245206763036549","5693024,625387289561331",12.385171675,51.3395316400001,0,0,0,Mitte
249009,14220910148410654010,14,7,13,000,2022,09,23,7,3,0,1,2,0,1,0,0,0,0,0,"734354,502086304943077","5692725,005294060334563",12.3647136450001,51.3374265090001,0,0,0,Mitte
249015,14221010148310738130,14,7,13,000,2022,10,19,2,3,1,1,2,0,0,1,0,1,0,0,"728713,684643717948347","5694452,092946389690042",12.284980488,51.3552275550001,7,7,7,Alt-West
249016,14220830148410645460,14,7,13,000,2022,08,14,3,2,0,1,0,0,1,0,0,0,0,0,"734293,950624738004990","5691593,367810890078545",12.363101801,51.327293335,4,4,4,Süd
249017,14220904148310703630,14,7,13,000,2022,09,12,1,3,6,2,0,0,0,1,1,0,0,0,"730732,405813095974736","5693731,480325230397284",12.313456091,51.3479427070001,7,7,7,Alt-West
249025,14220829148410676780,14,7,13,000,2022,08,09,2,3,4,6,0,0,1,0,0,0,0,0,"732754,715856672031805","5694144,501446049660444",12.3427149020001,51.3508258570001,0,0,0,Mitte
249027,14220928148110716850,14,7,13,000,2022,09,08,4,3,5,3,0,1,1,1,0,0,0,0,"739319,052904895041138","5696285,102427500300109",12.438249023,51.3673136880001,1,1,1,Nordost
249029,14220813148410640120,14,7,13,000,2022,08,17,7,3,6,2,0,0,0,1,1,0,0,0,"734991,807123268954456","5693921,759078759700060",12.3746363720001,51.347906026,0,0,0,Mitte
249030,14221013144200745810,14,7,13,000,2022,10,22,5,3,4,2,2,0,0,1,0,0,0,0,"734794,821845215046778","5692479,235070070251822",12.370861758,51.335038754,0,0,0,Mitte
249034,14220827148210654540,14,7,13,000,2022,08,12,7,3,5,3,0,1,0,1,0,0,0,0,"738136,328001554007642","5690521,846984419971704",12.417435901,51.3160800210001,3,3,3,Südost
249036,14221009144200717100,14,7,13,000,2022,10,19,1,3,6,4,2,0,0,1,1,0,0,0,"735982,333082076045685","5695494,904119200073183",12.389877492,51.361616595,9,9,9,Nord
249038,14220922144200678200,14,7,13,000,2022,09,14,5,3,6,7,0,0,0,0,1,0,1,0,"734329,645967112039216","5696325,394531619735062",12.366728075,51.3697553910001,9,9,9,Nord
249041,14220914148110654530,14,7,13,000,2022,09,22,4,3,5,2,2,1,1,1,0,0,0,0,"735838,335366380983032","5694981,671749570406973",12.3874726350001,51.3570694950001,9,9,9,Nord
249042,14220812148410591590,14,7,13,000,2022,08,07,6,3,3,2,0,0,1,1,0,0,0,0,"735613,829315023031086","5692325,012873169966042",12.382495996,51.3333157110001,0,0,0,Mitte
249045,14221005148410764070,14,7,13,000,2022,10,11,4,3,0,5,0,0,1,1,0,0,0,0,"735876,226720741949975","5693487,578625479713082",12.387025796,51.3436424440001,0,0,0,Mitte
249047,14220921148410745840,14,7,13,000,2022,09,12,4,3,5,3,0,0,1,1,0,0,0,0,"735528,639001506962813","5692695,961985659785569",12.381520516,51.336680749,0,0,0,Mitte
249057,14221004148110707700,14,7,13,000,2022,10,14,3,3,6,4,0,0,0,1,1,0,0,0,"732886,388723043026403","5695950,074320370331407",12.345784371,51.3669798450001,8,8,8,Nordwest
249058,14220908144320843620,14,7,13,000,2022,09,14,5,3,5,3,0,0,1,1,0,0,0,0,"735331,987411902053282","5692188,316904740408063",12.378367118,51.3322053630001,0,0,0,Mitte
249059,14220911144200707650,14,7,13,000,2022,09,12,1,3,3,3,0,1,1,0,0,1,0,0,"729917,441635924042203","5693364,889797500334680",12.3015368760001,51.3449820100001,7,7,7,Alt-West
249061,14220817148410591570,14,7,13,000,2022,08,09,4,3,5,2,0,0,1,1,0,0,0,0,"732866,940123077947646","5691274,410672560334206",12.342447366,51.3250160710001,5,5,5,Südwest
249065,14221010148320738150,14,7,13,000,2022,10,17,2,3,5,3,0,0,1,0,0,0,0,0,"732979,828001465997659","5691212,646986859850585",12.3440243700001,51.3244154230001,5,5,5,Südwest
249066,14220903148410644880,14,7,13,000,2022,09,16,7,3,2,6,0,0,0,1,0,0,0,0,"733871,757866202970035","5694913,323482350446284",12.3592330540001,51.3572686860001,9,9,9,Nord
249068,14220930143263737540,14,7,13,000,2022,09,07,6,3,6,4,0,0,1,0,1,0,0,0,"734150,725349238025956","5692665,956553669646382",12.3617545430001,51.3369803960001,0,0,0,Mitte
249072,14220822144200591500,14,7,13,000,2022,08,15,2,3,5,3,0,0,1,1,0,0,0,0,"730326,857683158013970","5691182,194341810420156",12.305994308,51.3252222450001,6,6,6,West
249075,14220829148110641430,14,7,13,000,2022,08,11,2,3,1,5,0,0,1,1,0,0,0,0,"734428,823283832985908","5695667,567893519997597",12.36771671,51.3638095630001,9,9,9,Nord
249083,14221013148410776790,14,7,13,000,2022,10,07,5,3,6,7,1,0,1,0,1,0,0,0,"735829,608178570051678","5692889,359976639971137",12.385961518,51.3382920170001,0,0,0,Mitte
249084,14220901144200645380,14,7,13,000,2022,09,10,5,3,5,2,0,0,0,1,0,0,0,0,"730175,721426189993508","5689973,062109610065818",12.303048324,51.314428972,5,5,5,Südwest
249087,14220828148110606890,14,7,13,000,2022,08,15,1,3,3,6,0,0,1,0,0,0,0,0,"737033,540568551048636","5696229,002251460216939",12.4054387150001,51.3677683500001,1,1,1,Nordost
249088,14220921148210678830,14,7,13,000,2022,09,18,4,3,2,6,1,0,0,1,0,1,0,0,"735404,810524891014211","5690909,563325339928269",12.378566075,51.3206966930001,4,4,4,Süd
249091,14220825148110605960,14,7,13,000,2022,08,11,5,3,3,2,0,0,0,1,0,0,0,1,"738001,028897740994580","5695108,437704820185900",12.4185622520001,51.3573057500001,1,1,1,Nordost
249094,14221011148110738110,14,7,13,000,2022,10,19,3,3,2,2,2,0,0,1,0,0,0,0,"734643,004269234952517","5695407,105359160341322",12.370616022,51.3613831430001,9,9,9,Nord
249096,14220905148222676770,14,7,13,000,2022,09,11,2,3,5,2,0,0,1,1,0,0,0,0,"737266,204611430992372","5694405,006699549965560",12.4075585890001,51.351298994,1,1,1,Nordost
249097,14221005144200766580,14,7,13,000,2022,10,18,4,3,4,6,1,0,1,0,0,0,0,0,"735322,491325295995921","5692198,351666400209069",12.378237676,51.3322993670001,0,0,0,Mitte
249102,14220819148210640650,14,7,13,000,2022,08,15,6,3,1,5,0,0,1,1,0,0,0,0,"738219,783532329951413","5690676,770181239582598",12.4187347430001,51.3174356860001,3,3,3,Südost
249104,14220926144200684220,14,7,13,000,2022,09,13,2,2,6,4,0,1,1,0,1,0,0,0,"733470,527001471025869","5691806,908986629918218",12.3514438460001,51.329548731,5,5,5,Südwest