OBJECTID,UIDENTSTLAE,ULAND,UREGBEZ,UKREIS,UGEMEINDE,UJAHR,UMONAT,USTUNDE,UWOCHENTAG,UKATEGORIE,UART,UTYP1,ULICHTVERH,IstStrassenzustand,IstRad,IstPKW,IstFuss,IstKrad,IstGkfz,IstSonstige,LINREFX,LINREFY,XGCSWGS84,YGCSWGS84,index_right,FID,SBZ,Name
249113,14220918148320676200,14,7,13,000,2022,09,08,1,3,8,1,0,0,0,0,0,1,0,0,"731780,654993423027918","5689683,848489630036056",12.325849884,51.311181425,5,5,5,Südwest
249115,14220925149110737210,14,7,13,000,2022,09,15,1,3,5,2,0,0,0,1,0,0,0,1,"728851,058282634941861","5682494,161961089819670",12.2792834040001,51.247822791,5,5,5,Südwest
249125,14220820144200590660,14,7,13,000,2022,08,21,7,3,1,1,2,1,0,1,0,0,0,1,"739084,553001543972641","5697695,164983750320971",12.4358348750001,51.380068792,1,1,1,Nordost
249129,14220922148210702940,14,7,13,000,2022,09,13,5,3,0,1,0,0,1,0,0,0,0,0,"735398,565302537055686","5689508,623328950256109",12.3775520560001,51.3081239140001,4,4,4,Süd
249131,14220928148410702350,14,7,13,000,2022,09,09,4,3,0,3,0,1,1,1,0,0,0,0,"735004,036192468949594","5691767,814609790220857",12.3733905980001,51.328566359,0,0,0,Mitte
249138,14221006148410738810,14,7,13,000,2022,10,13,5,3,5,3,0,0,1,1,0,0,0,0,"734773,088786114007235","5693730,369171299971640",12.3713750650001,51.3462784050001,0,0,0,Mitte
249139,14220827148110644450,14,7,13,000,2022,08,20,7,3,5,3,2,1,0,1,0,0,0,0,"737012,644639548962004","5697120,199829829856753",12.4057332080001,51.3757764850001,1,1,1,Nordost
249143,14220824144200607580,14,7,13,000,2022,08,17,4,2,0,1,0,0,1,0,0,0,0,0,"735177,481902108993381","5688939,520696089603007",12.3740107690001,51.303106782,4,4,4,Süd
249147,14220830144200612740,14,7,13,000,2022,08,22,3,3,0,1,2,0,1,0,0,0,0,0,"734805,714001495041884","5692369,784986009821296",12.3709457090001,51.3340517880001,0,0,0,Mitte
249151,14220930148110702310,14,7,13,000,2022,09,12,6,3,4,6,0,0,1,0,0,0,0,1,"735112,082001494942233","5694227,951985830441117",12.3765626100001,51.3506047860001,0,0,0,Mitte
249152,14220916148410679200,14,7,13,000,2022,09,18,6,3,3,6,0,0,1,1,0,0,0,0,"736376,529605407966301","5693792,794909840449691",12.3943989100001,51.346174347,2,2,2,Ost
249162,14220914148310654000,14,7,13,000,2022,09,17,4,3,1,5,0,1,1,1,0,0,0,0,"732997,631144501036033","5691273,916211130097508",12.344319483,51.3249581260001,5,5,5,Südwest
249164,14221013144200808340,14,7,13,000,2022,10,20,5,3,5,3,2,0,1,1,0,0,0,0,"736967,661400538985617","5692698,214281179942191",12.402143294,51.3361031920001,3,3,3,Südost
249165,14220901148110641410,14,7,13,000,2022,09,16,5,3,6,4,0,0,0,1,1,0,0,0,"734598,176377880969085","5695316,941695810295641",12.3699138110001,51.360592309,9,9,9,Nord
249175,14221009148310717160,14,7,13,000,2022,10,17,1,3,0,1,0,0,0,0,0,1,0,0,"729832,175833560992032","5694459,599718290381134",12.3010214980001,51.3548437270001,7,7,7,Alt-West
249176,14220830148410678890,14,7,13,000,2022,08,09,3,3,5,3,0,0,1,1,0,0,0,0,"734207,154571305029094","5692122,703133019618690",12.3622060910001,51.3320806520001,0,0,0,Mitte
249178,14220922144200678190,14,7,13,000,2022,09,09,5,3,5,3,0,0,0,1,0,0,0,0,"736137,798001513001509","5693470,951985349878669",12.3907637020001,51.343384626,0,0,0,Mitte
249180,14220929144200707640,14,7,13,000,2022,09,13,5,3,5,2,0,0,1,0,0,1,0,0,"736717,975087414961308","5689656,897466029971838",12.3965460150001,51.308907763,4,4,4,Süd
249183,14220901144200640600,14,7,13,000,2022,09,12,5,3,5,2,0,0,1,1,0,0,0,0,"732321,920525038964115","5690618,373680899851024",12.334211193,51.319349797,5,5,5,Südwest
249188,14220911148410717190,14,7,13,000,2022,09,13,1,3,5,3,0,1,1,1,0,0,0,0,"735292,833001505001448","5691711,114985790103674",12.377491003,51.3279380270001,0,0,0,Mitte
249190,14220818148410590070,14,7,13,000,2022,08,06,5,3,4,6,0,0,1,0,0,0,0,0,"735108,165344894980080","5694508,357996660284698",12.37669169,51.3531234230001,0,0,0,Mitte
249193,14220825662222606060,14,7,13,000,2022,08,15,5,3,5,2,0,0,1,1,0,0,0,0,"737406,507001533056609","5693749,979984720237553",12.409132927,51.3453608730001,2,2,2,Ost
249196,14221013144200737600,14,7,13,000,2022,10,15,5,3,5,3,0,0,0,1,0,0,0,0,"738277,114864615956321","5693729,340940699912608",12.421597063,51.344811415,2,2,2,Ost
249201,14220918144200676740,14,7,13,000,2022,09,12,1,3,1,7,0,0,0,1,0,1,0,0,"730731,417303371010348","5693730,154910470359027",12.313441062,51.3479312100001,7,7,7,Alt-West
249204,14220825144200606320,14,7,13,000,2022,08,10,5,2,5,2,0,0,0,1,0,1,0,0,"741207,620001579984091","5696062,429982620291412",12.4651775840001,51.3645163940001,2,2,2,Ost
249210,14221004144200787800,14,7,13,000,2022,10,19,3,3,5,3,2,0,1,1,0,0,0,0,"731659,039581374032423","5696553,488602509722114",12.328576738,51.372898364,8,8,8,Nordwest
249211,14220908148410644220,14,7,13,000,2022,09,17,5,3,3,2,0,0,1,1,0,0,0,0,"734999,419838960049674","5692261,496613609604537",12.3736500160001,51.3329997490001,0,0,0,Mitte
249213,14220915148310654580,14,7,13,000,2022,09,08,5,3,5,3,0,1,1,1,0,0,0,0,"733038,468890893971547","5690491,817448640242219",12.3443933890001,51.3179207570001,5,5,5,Südwest
249215,14220922144200691831,14,7,13,000,2022,09,16,5,2,1,7,0,0,0,1,0,0,0,1,"742233,568148404941894","5695050,049671229906380",12.479197888,51.3549934480001,2,2,2,Ost
249216,14220821148110591540,14,7,13,000,2022,08,09,1,3,5,3,0,0,1,1,0,0,0,0,"734370,879179861978628","5691997,200183889828622",12.364469577,51.3308866410001,0,0,0,Mitte
249217,14221007144200716440,14,7,13,000,2022,10,15,6,3,5,2,0,0,1,1,0,0,0,0,"737082,633540236973204","5692962,228668110445142",12.4039665350001,51.338425095,3,3,3,Südost
249219,14220922148110737190,14,7,13,000,2022,09,08,5,3,4,6,0,0,1,1,0,0,0,0,"731226,747088741976768","5696524,592729849740863",12.322357804,51.372815126,8,8,8,Nordwest
249221,14220928148410691580,14,7,13,000,2022,09,08,4,3,1,5,0,1,1,1,0,0,0,0,"734929,022597625968046","5694723,663523879833519",12.374265715,51.3551301540001,0,0,0,Mitte
249228,14220827148210645450,14,7,13,000,2022,08,15,7,3,3,6,0,0,1,1,0,0,0,0,"735059,857397590996698","5690354,433936799876392",12.373258558,51.315856223,4,4,4,Süd
249232,14220926144200691500,14,7,13,000,2022,09,08,2,3,5,3,0,0,0,1,0,0,0,0,"738855,250465053948574","5693428,975827810354531",12.42968152,51.3418727980001,2,2,2,Ost
249236,14221012144200808470,14,7,13,000,2022,10,08,4,3,5,3,0,0,1,1,0,0,0,0,"735837,067361679975875","5694977,654142729938030",12.3874517940001,51.357033958,9,9,9,Nord
249237,14220831148410642010,14,7,13,000,2022,08,09,4,3,5,3,0,0,0,1,0,0,0,0,"733496,804001471959054","5692248,060986610129476",12.35210943,51.3334979860001,0,0,0,Mitte
249238,14220905144200642430,14,7,13,000,2022,09,14,2,3,4,6,0,0,0,1,0,0,0,0,"730751,608940419973806","5695076,061274539679289",12.3146032020001,51.3600050800001,7,7,7,Alt-West
249243,14220924148210691880,14,7,13,000,2022,09,19,7,3,9,1,2,0,1,0,0,0,0,0,"742269,880345433019102","5693627,472427030093968",12.4787502950001,51.3422098120001,2,2,2,Ost
249244,14220822148220886190,14,7,13,000,2022,08,13,2,3,4,2,0,0,1,1,0,0,0,0,"737247,494090829975903","5692228,642953170463443",12.405840557,51.331771616,3,3,3,Südost
249245,14220809148410580270,14,7,13,000,2022,08,16,3,3,3,6,0,0,1,0,0,0,0,0,"735026,969001492019743","5693482,832985879853368",12.374850641,51.343951534,0,0,0,Mitte
249248,14220909148110644130,14,7,13,000,2022,09,14,6,3,5,3,0,0,1,1,0,0,0,0,"736684,964494909974746","5697155,041459389962256",12.401056752,51.3762258830001,1,1,1,Nordost
249252,14220811148410607680,14,7,13,000,2022,08,13,5,3,6,6,0,0,0,0,1,0,0,1,"735619,255308732972480","5692912,225442290306091",12.382962122,51.3385844580001,0,0,0,Mitte
249256,14220907148120675610,14,7,13,000,2022,09,12,4,3,5,2,0,0,1,0,0,0,1,0,"731240,839249782031402","5696758,140033840201795",12.322711848,51.374905895,8,8,8,Nordwest
249258,14220816144200580540,14,7,13,000,2022,08,20,3,3,6,4,0,0,0,0,1,0,0,1,"732400,611500483006239","5690881,356879839673638",12.335509895,51.321678402,5,5,5,Südwest
249263,14220830144200707660,14,7,13,000,2022,08,19,3,3,5,3,0,0,0,1,0,0,0,0,"737344,924020958016627","5694764,377729999832809",12.4089266460001,51.354491855,1,1,1,Nordost
249265,14221004148410766380,14,7,13,000,2022,10,07,3,3,2,6,0,0,1,1,0,0,0,0,"735001,552338529960252","5692241,164856179617345",12.373667164,51.3328163620001,0,0,0,Mitte
249267,14220917148410702620,14,7,13,000,2022,09,20,7,3,2,2,1,1,1,1,0,0,0,0,"734850,677007838967256","5691917,916475240141153",12.371292193,51.3299770680001,0,0,0,Mitte
249280,14220906148210642480,14,7,13,000,2022,09,08,3,3,8,1,0,0,0,1,0,0,0,0,"738586,355096579995006","5687100,115587560459971",12.4215948560001,51.285178155,3,3,3,Südost
249283,14220920148410707730,14,7,13,000,2022,09,10,3,3,1,1,0,1,1,1,0,0,0,0,"734824,022042545024306","5691693,229107700288296",12.3707622260001,51.327971184,0,0,0,Mitte
249285,14220909144200644080,14,7,13,000,2022,09,14,6,3,5,3,0,0,1,1,0,0,0,0,"735108,262316904962063","5689885,846222720108926",12.3736430550001,51.3116299910001,4,4,4,Süd
249286,14220927144200691810,14,7,13,000,2022,09,09,3,2,5,2,0,1,1,0,0,0,1,0,"735898,614664133056067","5694567,963592849671841",12.3880625850001,51.3533309420001,9,9,9,Nord
249289,14220811148110571110,14,7,13,000,2022,08,14,5,3,5,3,0,0,0,1,0,1,0,0,"736386,047094575944357","5695699,555658820085227",12.3958019020001,51.363285766,9,9,9,Nord
249292,14221005148410717640,14,7,13,000,2022,10,08,4,3,5,2,0,0,1,1,0,0,0,0,"735014,926572791999206","5693032,118935050442815",12.374380606,51.3399107380001,0,0,0,Mitte
249293,14220908148220643640,14,7,13,000,2022,09,00,5,2,1,5,2,0,0,1,0,0,0,0,"738480,512862964998931","5691180,001299570314586",12.422805908,51.3218434670001,3,3,3,Südost
249296,14220925148210691560,14,7,13,000,2022,09,14,1,3,2,2,0,0,0,1,0,0,0,0,"732149,030569280032068","5690952,191594369709492",12.331951782,51.322416968,5,5,5,Südwest
249299,14221010148410738490,14,7,13,000,2022,10,23,2,3,0,7,2,0,1,0,0,0,0,0,"735415,036913505056873","5693005,893920799717307",12.3800973940001,51.3395098330001,0,0,0,Mitte
249304,14220917144200677300,14,7,13,000,2022,09,09,7,2,6,7,0,0,1,0,1,0,0,0,"737182,902995152049698","5694059,651101079769433",12.40613439,51.3482338270001,2,2,2,Ost
249305,14220815148400580170,14,7,13,000,2022,08,16,2,3,5,3,0,0,1,1,0,0,0,0,"736336,642348484019749","5692764,148398440331221",12.393144578,51.336957603,0,0,0,Mitte
249310,14220829148110640960,14,7,13,000,2022,08,11,2,3,5,3,0,0,1,1,0,0,0,0,"738223,469126153038815","5695135,250659139826894",12.421769141,51.3574532210001,1,1,1,Nordost
249314,14220930144200702920,14,7,13,000,2022,09,14,6,3,5,2,0,0,0,1,0,0,0,0,"730306,756001424975693","5688550,979988040402532",12.304007444,51.3016098510001,5,5,5,Südwest
249315,14220917148310677370,14,7,13,000,2022,09,11,7,3,5,2,0,0,1,1,0,0,0,0,"731549,373084182036109","5688860,732985939830542",12.32200305,51.3038865300001,5,5,5,Südwest
249319,14221007144200716820,14,7,13,000,2022,10,18,6,3,1,1,0,0,1,1,0,0,0,0,"737160,823721954016946","5694340,901836129836738",12.4060052940001,51.350767563,1,1,1,Nordost
249323,14220825148110644150,14,7,13,000,2022,08,19,5,3,3,6,0,0,1,0,0,0,0,0,"735957,356601489009336","5696087,254773540422320",12.389912355,51.3669440190001,9,9,9,Nord
249330,14220826148323642000,14,7,13,000,2022,08,17,6,3,5,3,0,1,1,0,0,0,0,0,"731688,601085538044572","5692024,914870030246675",12.326052681,51.3322342970001,7,7,7,Alt-West
249335,14220824148310605490,14,7,13,000,2022,08,01,4,3,1,1,2,0,1,1,0,0,0,0,"731125,402321988949552","5693476,836689179763198",12.3189242880001,51.345497161,7,7,7,Alt-West
249341,14221004148310716870,14,7,13,000,2022,10,16,3,3,5,2,0,0,0,1,0,1,0,0,"737693,632338360999711","5695332,222052520141006",12.414304843,51.3594430840001,1,1,1,Nordost
249351,14220929148210691890,14,7,13,000,2022,09,15,5,2,0,7,0,0,0,0,0,1,0,0,"734120,631001489004120","5690367,815986369736493",12.3598137700001,51.3163634890001,4,4,4,Süd
249353,14220815144200590330,14,7,13,000,2022,08,17,2,3,0,7,0,1,1,0,0,0,0,0,"735271,501625936012715","5692266,276134409941733",12.3775518950001,51.3329301740001,0,0,0,Mitte
249354,14220901144200765790,14,7,13,000,2022,09,15,5,2,6,4,0,0,0,1,1,0,0,0,"732844,943730026017874","5695779,113786069676280",12.3450781010001,51.3654621900001,8,8,8,Nordwest
249359,14220921144200678760,14,7,13,000,2022,09,16,4,3,2,6,0,0,0,1,0,1,0,0,"737295,625095022958703","5695378,794598650187254",12.408629681,51.3600274620001,1,1,1,Nordost
249369,14220826148410606380,14,7,13,000,2022,08,08,6,3,6,4,0,0,1,0,1,0,0,0,"737729,654219559975900","5693738,080518989823759",12.413756505,51.345119035,2,2,2,Ost
249370,14220920144200716520,14,7,13,000,2022,09,12,3,2,2,6,0,0,0,1,0,0,0,0,"735080,013390264008194","5690122,848389470018446",12.373394639,51.3137690900001,4,4,4,Süd
249371,14220816148110579881,14,7,13,000,2022,08,09,3,3,5,3,0,0,0,1,0,1,0,0,"733770,895074598956853","5695560,147179500199854",12.358212017,51.3631163910001,9,9,9,Nord
249376,14221011145400737180,14,7,13,000,2022,10,15,3,3,2,6,0,0,0,1,0,0,0,0,"731081,176205788040534","5696457,377759329974651",12.320226265,51.3722709950001,8,8,8,Nordwest
249382,14220902144200644070,14,7,13,000,2022,09,08,6,3,1,5,0,0,0,1,0,0,0,0,"732217,105383108952083","5691379,556538419798017",12.333205451,51.326225547,5,5,5,Südwest
249394,14220905148110079500,14,7,13,000,2022,09,05,2,3,5,3,0,0,1,1,0,0,0,0,"737285,512822955031879","5694417,938742909580469",12.4078439830001,51.351407013,1,1,1,Nordost
249397,14220930148211703610,14,7,13,000,2022,09,11,6,3,6,7,0,0,0,1,1,0,0,0,"738746,449185732984915","5690817,841691349633038",12.4263729680001,51.3184812360001,3,3,3,Südost
249410,14220901148410640100,14,7,13,000,2022,09,08,5,3,3,2,0,0,1,0,0,0,0,1,"735089,873316445038654","5694811,667413869872689",12.376629833,51.3558535930001,0,0,0,Mitte
249413,14221007145400775780,14,7,13,000,2022,10,14,6,3,5,3,0,0,0,1,0,0,0,0,"731678,703959612990730","5691291,426725969649851",12.3254340350001,51.3256539270001,5,5,5,Südwest
249416,14220819144200676710,14,7,13,000,2022,08,22,6,3,1,1,2,1,1,1,0,0,0,0,"731985,396035904996097","5688580,932209139689803",12.3280654330001,51.301197313,5,5,5,Südwest
249417,14220909148229739190,14,7,13,000,2022,09,14,6,3,1,5,0,0,1,1,0,0,0,0,"735542,021282218978740","5689910,332263260148466",12.379871754,51.311670464,4,4,4,Süd
249421,14220810145400590350,14,7,13,000,2022,08,17,4,3,4,7,0,0,0,1,0,0,0,0,"734790,947430395986885","5693003,825650559738278",12.371152006,51.33974929,0,0,0,Mitte
249425,14221006148310717590,14,7,13,000,2022,10,16,5,3,5,2,0,0,1,1,0,0,0,0,"727719,561427860055119","5695134,808924010023475",12.271164066,51.3617556930001,7,7,7,Alt-West
249426,14220908148110644090,14,7,13,000,2022,09,10,5,3,6,2,0,1,0,1,1,0,0,0,"738006,373354992014356","5695111,109358400106430",12.4186406580001,51.3573274920001,1,1,1,Nordost
249429,14220924148410678880,14,7,13,000,2022,09,15,7,3,2,6,0,0,0,1,0,0,0,0,"737227,979685390950181","5693756,742257609963417",12.406578665,51.345496091,2,2,2,Ost
249433,14220830148420640040,14,7,13,000,2022,08,20,3,3,3,6,1,0,1,0,0,0,0,1,"738169,878453906974755","5694140,784622799605131",12.42033536,51.348549437,2,2,2,Ost
249435,14221004148110717550,14,7,13,000,2022,10,13,3,3,5,3,0,0,0,1,0,1,0,0,"738018,070102932979353","5697216,336454899981618",12.420217375,51.3762189170001,1,1,1,Nordost
249436,14220929148110814930,14,7,13,000,2022,09,13,5,3,6,6,0,0,1,0,1,0,0,0,"732654,784140976960771","5696558,150906840339303",12.342860978,51.3725332120001,8,8,8,Nordwest
249437,14220916148310679170,14,7,13,000,2022,09,18,6,3,1,7,0,0,1,1,0,0,0,0,"732435,654724444961175","5692055,899381110444665",12.3367778800001,51.3322076490001,5,5,5,Südwest
249440,14221007143263717470,14,7,13,000,2022,10,17,6,3,6,7,0,0,0,1,1,0,0,0,"737238,982347922981717","5694618,951247449964285",12.4073109780001,51.353230732,1,1,1,Nordost
249448,14220905144200641950,14,7,13,000,2022,09,08,2,3,5,3,0,0,0,1,0,0,0,0,"737234,977001538034528","5691250,978984859772027",12.405010482,51.323001226,3,3,3,Südost
249449,14221004148310708060,14,7,13,000,2022,10,08,3,3,5,3,0,1,1,0,0,0,0,0,"733585,414153940044343","5694119,152140719816089",12.354606452,51.3502575530001,0,0,0,Mitte
249455,14220822148410606370,14,7,13,000,2022,08,20,2,3,5,3,2,0,1,1,0,0,0,0,"736396,760299397981726","5691423,942483910359442",12.393117019,51.324902654,0,0,0,Mitte
249466,14220902148310643060,14,7,13,000,2022,09,17,6,3,3,2,0,0,0,1,0,1,0,0,"729784,054224516032264","5694100,068860730156302",12.3000994340001,51.351635667,7,7,7,Alt-West
249469,14221007144200716510,14,7,13,000,2022,10,18,6,3,5,3,1,0,1,1,0,0,0,0,"734472,556126874987967","5692603,516393650323153",12.3663254860001,51.3362873090001,0,0,0,Mitte
249474,14220927144200691530,14,7,13,000,2022,09,15,3,2,5,3,0,1,1,1,0,0,0,0,"736543,160824917024001","5690730,670215650461614",12.3947544750001,51.318618852,0,0,0,Mitte
249476,14220912144200677930,14,7,13,000,2022,09,19,2,3,5,3,0,0,0,1,0,1,0,0,"738080,229751948965713","5690916,248081830330193",12.416895686,51.319643639,3,3,3,Südost
249478,14221011148310737680,14,7,13,000,2022,10,17,3,3,7,7,0,0,1,0,0,0,0,0,"729912,013763681054115","5693426,935799379833043",12.3014991370001,51.3455411940001,7,7,7,Alt-West
249480,14220905148110643600,14,7,13,000,2022,09,14,2,2,0,1,0,0,1,0,0,0,0,0,"734519,146865474991500","5695168,512495860457420",12.368682843,51.3592925740001,9,9,9,Nord
249481,14221006144200766540,14,7,13,000,2022,10,13,5,3,5,2,0,0,1,1,0,0,0,0,"729298,136569579015486","5691015,026398629881442",12.2911472480001,51.324137094,6,6,6,West
249485,14220925144200766350,14,7,13,000,2022,09,03,1,2,7,1,2,0,1,0,0,0,0,1,"734293,656506138038822","5691593,652725500054657",12.363097775,51.3272960140001,4,4,4,Süd
249486,14220823144200612080,14,7,13,000,2022,08,19,3,1,6,4,0,0,0,0,1,0,0,1,"740825,858779701986350","5694710,138220660388470",12.458788639,51.3525407830001,2,2,2,Ost
249489,14220904148410641480,14,7,13,000,2022,09,20,1,3,5,2,2,0,1,1,0,0,0,0,"735971,890049731009640","5691622,522381920367479",12.387161559,51.326861535,0,0,0,Mitte
249491,14220929144100737160,14,7,13,000,2022,09,12,5,3,5,3,0,0,1,1,0,0,0,0,"741671,754973737988621","5693992,896242669783533",12.4704267590001,51.3457441900001,2,2,2,Ost
249492,14220916144200716460,14,7,13,000,2022,09,15,6,2,5,2,0,0,1,1,0,0,0,0,"734543,751300522009842","5698527,529918899759650",12.371251984,51.389434152,9,9,9,Nord
249499,14220928148310739200,14,7,13,000,2022,09,12,4,3,5,3,0,1,1,1,0,0,0,0,"728869,760412564035505","5694072,939967960119247",12.2869743850001,51.3517610120001,7,7,7,Alt-West
249506,14220826148410654020,14,7,13,000,2022,08,12,6,3,6,4,0,0,1,0,1,0,0,0,"737299,332803235971369","5692935,915654269978404",12.4070544100001,51.3380985250001,3,3,3,Südost
249510,14220926148310684310,14,7,13,000,2022,09,06,2,3,0,1,1,1,1,0,0,0,0,0,"732610,837232845951803","5692259,450854330323637",12.339421052,51.3339632550001,7,7,7,Alt-West
249515,14220831144200645900,14,7,13,000,2022,08,13,4,3,5,3,0,0,1,1,0,0,0,0,"739938,457001570030116","5694085,489983379840851",12.445647353,51.3473094280001,2,2,2,Ost
249518,14220908144200644060,14,7,13,000,2022,09,07,5,2,5,3,0,1,1,1,0,0,0,0,"735837,480717926984653","5694983,121428029611707",12.387461343,51.357082862,9,9,9,Nord
249527,14220824148410814960,14,7,13,000,2022,08,12,4,3,5,3,0,0,1,1,0,0,0,0,"734991,314846807043068","5693931,281875040382147",12.374635601,51.347991709,0,0,0,Mitte
249531,14220831144200653920,14,7,13,000,2022,08,06,4,2,3,6,0,0,0,0,0,1,0,1,"730407,118989413022064","5690964,354774869978428",12.307003481,51.3232341990001,6,6,6,West
249533,14221004148310707720,14,7,13,000,2022,10,16,3,3,6,4,0,0,1,0,1,0,0,0,"733063,375523122958839","5695482,092534939758480",12.348015736,51.3627063910001,8,8,8,Nordwest
249534,14220907144200808400,14,7,13,000,2022,09,13,4,3,5,3,0,0,0,1,0,0,0,1,"734841,995034556020983","5691796,063376629725099",12.3710874980001,51.3288868480001,0,0,0,Mitte
249535,14220911148410644890,14,7,13,000,2022,09,03,1,3,6,4,2,0,0,0,1,0,0,1,"735027,028003907995299","5693031,583695770241320",12.374553683,51.339900932,0,0,0,Mitte
249537,14220817148410591580,14,7,13,000,2022,08,11,4,3,1,2,0,0,0,1,0,0,0,0,"737370,330509413033724","5693160,899223529733717",12.4082217660001,51.340088361,2,2,2,Ost
249538,14220924148310703640,14,7,13,000,2022,09,19,7,3,0,1,2,0,1,0,0,0,0,0,"731644,466863723006099","5692065,491950339637697",12.3254466290001,51.332616526,7,7,7,Alt-West
249539,14220822148310677360,14,7,13,000,2022,08,10,2,3,0,1,0,1,1,0,0,0,0,0,"732624,507865660008974","5692565,639638289809227",12.3398168840001,51.336706228,7,7,7,Alt-West
249551,14220829148110645940,14,7,13,000,2022,08,17,2,3,4,6,0,0,1,1,0,0,0,0,"735085,468192921951413","5696094,483325829729438",12.3774144490001,51.3673703700001,9,9,9,Nord
249562,14220828144200640940,14,7,13,000,2022,08,17,1,2,2,6,0,0,0,1,0,1,0,0,"737127,810150290955789","5694426,531188580207527",12.405589112,51.35154995,1,1,1,Nordost
249563,14220921148410678870,14,7,13,000,2022,09,14,4,3,3,6,0,0,1,1,0,0,0,0,"735510,603728011017665","5692950,312958450056612",12.38143023,51.3389713500001,0,0,0,Mitte
249564,14220818148110591020,14,7,13,000,2022,08,17,5,3,5,3,0,1,1,1,0,0,0,0,"732644,733001444954425","5696539,427986900322139",12.3427045710001,51.3723692610001,8,8,8,Nordwest
249567,14220912148211737660,14,7,13,000,2022,09,07,2,3,5,3,0,0,1,1,0,0,0,0,"735054,823318436974660","5690550,494846610352397",12.3733156700001,51.317618226,4,4,4,Süd
249569,14221011148410739360,14,7,13,000,2022,10,10,3,3,5,3,0,0,1,1,0,0,0,0,"736622,845699729979970","5691341,969111190177500",12.396301604,51.3240728640001,0,0,0,Mitte
249570,14220831148110642470,14,7,13,000,2022,08,21,4,3,6,7,2,0,1,0,1,0,0,0,"737254,264115349971689","5694395,348505290225148",12.40738099,51.3512172860001,1,1,1,Nordost
249571,14220905148410644470,14,7,13,000,2022,09,07,2,3,0,1,0,0,1,0,0,0,0,0,"735005,263285762048326","5692197,724718060344458",12.3736916880001,51.3324248930001,0,0,0,Mitte
249575,14220817148110808540,14,7,13,000,2022,08,19,4,2,5,3,0,0,1,0,0,0,0,0,"735882,383146455977112","5694800,020812899805605",12.387983713,51.3554206760001,9,9,9,Nord
249580,14220830148310675640,14,7,13,000,2022,08,12,3,3,5,2,0,0,1,1,0,0,0,0,"731182,172354617970996","5691460,442793570458889",12.3184294650001,51.32737315,7,7,7,Alt-West
249582,14221002148410702950,14,7,13,000,2022,10,18,1,3,2,6,0,1,0,1,0,0,0,0,"735770,766377454972826","5694495,880382820032537",12.3861820720001,51.3527369540001,0,0,0,Mitte
249584,14220915148210763490,14,7,13,000,2022,09,07,5,3,3,6,0,0,1,1,0,0,0,0,"736061,023579095955938","5688142,851926179602742",12.386136139,51.295590014,4,4,4,Süd
249585,14220816144200580220,14,7,13,000,2022,08,04,3,2,5,2,2,0,0,1,0,0,0,0,"739100,923103765002452","5699445,782664510421455",12.43724812,51.395774943,1,1,1,Nordost
249586,14220902144200654520,14,7,13,000,2022,09,19,6,3,4,7,1,0,0,1,0,0,0,0,"735997,736997404019348","5699792,074216780252755",12.3929523800001,51.4001822270001,9,9,9,Nord
249589,14220910145200678800,14,7,13,000,2022,09,16,7,3,5,3,0,0,0,1,0,0,0,0,"737288,105562655953690","5693902,566059719771147",12.4075376160001,51.3467799220001,2,2,2,Ost
249590,14220924148210678820,14,7,13,000,2022,09,12,7,3,6,7,0,0,0,1,1,0,0,0,"737095,232687967014499","5693761,815845239907503",12.40467942,51.345597007,2,2,2,Ost
249592,14220808148210612800,14,7,13,000,2022,08,09,2,3,2,2,0,0,0,1,0,1,0,0,"734749,409488823032007","5691313,731622570194304",12.369443264,51.3245954430001,4,4,4,Süd
249597,14220917144200676150,14,7,13,000,2022,09,19,7,3,6,4,2,1,0,0,1,0,0,1,"735593,779754563001916","5693138,477001599967480",12.38274669,51.3406259130001,0,0,0,Mitte
249603,14220829144200607220,14,7,13,000,2022,08,09,2,3,5,3,0,0,0,1,0,0,0,0,"734820,412001483025961","5696324,522985920310020",12.3737654600001,51.3695449050001,9,9,9,Nord