OBJECTID,UIDENTSTLAE,ULAND,UREGBEZ,UKREIS,UGEMEINDE,UJAHR,UMONAT,USTUNDE,UWOCHENTAG,UKATEGORIE,UART,UTYP1,ULICHTVERH,IstStrassenzustand,IstRad,IstPKW,IstFuss,IstKrad,IstGkfz,IstSonstige,LINREFX,LINREFY,XGCSWGS84,YGCSWGS84,index_right,FID,SBZ,Name
249606,14220928148415691590,14,7,13,000,2022,09,10,4,3,0,1,0,1,1,0,0,0,0,0,"737203,853320586029440","5693376,227038130164146",12.4059793960001,51.3420906270001,2,2,2,Ost
249608,14220913148310645950,14,7,13,000,2022,09,21,3,3,8,1,2,0,1,0,0,0,0,0,"732125,895271733985282","5692093,950752600096166",12.3323639330001,51.3326757240001,7,7,7,Alt-West
249615,14220911148410644900,14,7,13,000,2022,09,13,1,3,0,7,0,1,0,0,0,1,0,0,"735019,086687505012378","5695121,946616499684751",12.3758199540001,51.3586680380001,0,0,0,Mitte
249628,14220916148410909380,14,7,13,000,2022,09,08,6,3,5,3,0,0,0,1,0,1,0,0,"736162,163143381010741","5693081,613533689640462",12.390854728,51.339879721,0,0,0,Mitte
249639,14220812148410640110,14,7,13,000,2022,08,06,6,3,0,7,0,0,1,0,1,0,0,0,"736075,276389688951895","5694397,124784770421684",12.3904817800001,51.3517241100001,1,1,1,Nordost
249655,14221006145200717540,14,7,13,000,2022,10,12,5,3,5,3,0,0,1,1,0,0,0,0,"735856,788157274946570","5688896,471159620210528",12.3837098830001,51.3024393750001,4,4,4,Süd
249656,14220907148415644910,14,7,13,000,2022,09,15,4,3,5,2,0,0,1,1,0,0,0,0,"735173,515318735036999","5693469,967638519592583",12.3769425410001,51.3437754540001,0,0,0,Mitte
249675,14220817145200640060,14,7,13,000,2022,08,18,4,3,1,7,0,0,1,1,1,0,0,0,"737320,508454047958367","5693036,687716039828956",12.4074250050001,51.3389942250001,2,2,2,Ost
249684,14220908148410645960,14,7,13,000,2022,09,18,5,3,2,6,0,0,0,1,0,0,0,0,"733481,458810121053830","5692233,152871290221810",12.3518797680001,51.3333704610001,0,0,0,Mitte
249685,14220930148110702580,14,7,13,000,2022,09,16,6,3,4,6,0,0,1,1,0,0,0,0,"734888,869852829957381","5696237,124562050215900",12.3746894560001,51.3687320860001,9,9,9,Nord
249687,14220814144200572210,14,7,13,000,2022,08,19,1,3,5,2,0,0,1,0,0,0,0,0,"732057,263883781037293","5692937,328412190079689",12.331929851,51.3402745340001,7,7,7,Alt-West
249688,14220925148210679140,14,7,13,000,2022,09,14,1,3,2,6,0,0,0,1,0,1,0,0,"736677,327784572960809","5687019,288191240280867",12.394215484,51.285248843,4,4,4,Süd
249694,14221002148410717940,14,7,13,000,2022,10,16,1,3,2,6,0,0,1,1,0,0,0,0,"732296,589012139011174","5693043,495284220203757",12.335429134,51.341129847,7,7,7,Alt-West
249702,14221006144200708040,14,7,13,000,2022,10,17,5,2,6,1,0,0,0,1,1,0,0,0,"734504,488962693023495","5692410,418480680324137",12.3666559910001,51.334540809,0,0,0,Mitte
249714,14220905144200643660,14,7,13,000,2022,09,15,2,3,4,6,0,0,0,1,0,0,0,0,"740354,225216516992077","5689236,118857170455158",12.4483366650001,51.3036073760001,3,3,3,Südost
249716,14220907148110643020,14,7,13,000,2022,09,15,4,3,5,3,0,0,1,0,0,0,0,0,"734285,801728949998505","5695504,165569280274212",12.365558295,51.36240179,9,9,9,Nord
249723,14220830148110644100,14,7,13,000,2022,08,19,3,3,2,2,0,0,1,1,0,0,0,0,"728795,575644596014172","5698164,318567610345781",12.288543706,51.388519667,8,8,8,Nordwest
249724,14220904144200641370,14,7,13,000,2022,09,22,1,3,5,3,2,0,1,1,0,0,0,0,"730420,169389334041625","5690954,701694330200553",12.307184218,51.3231422580001,7,7,7,Alt-West
249726,14220930144200717870,14,7,13,000,2022,09,06,6,2,6,2,0,0,0,1,1,0,0,0,"737186,634917328017764","5692060,918679510243237",12.404856905,51.3302914870001,3,3,3,Südost
249727,14220917148410678260,14,7,13,000,2022,09,10,7,3,5,2,0,0,0,1,0,0,0,1,"734765,435348964994773","5693948,287177340127528",12.371409064,51.3482376810001,0,0,0,Mitte
249728,14220814148410640090,14,7,13,000,2022,08,15,1,3,6,7,0,0,0,1,1,0,0,0,"736372,387001525028609","5690740,632985300384462",12.3923148270001,51.318779239,0,0,0,Mitte
249732,14220829148110645930,14,7,13,000,2022,08,08,2,3,1,5,0,0,1,1,0,0,0,0,"734494,291121433954686","5695016,237733249552548",12.36822611,51.357935952,9,9,9,Nord
249733,14220910148120777010,14,7,13,000,2022,09,17,7,3,0,1,0,0,1,0,0,0,0,0,"734530,215292848995887","5698721,897755940444767",12.371186143,51.3911844530001,9,9,9,Nord
249736,14220808148410571470,14,7,13,000,2022,08,08,2,3,2,6,0,0,0,1,0,0,0,0,"733331,397289428045042","5693663,464366129599512",12.3506664500001,51.3462713640001,0,0,0,Mitte
249738,14220830148410654030,14,7,13,000,2022,08,08,3,3,5,3,0,0,1,1,0,0,0,0,"737592,922099999967031","5693455,126592800021172",12.4116080000001,51.342636392,2,2,2,Ost
249741,14220929148410702000,14,7,13,000,2022,09,17,5,3,7,1,0,0,1,0,0,0,0,0,"736224,690801186021417","5691543,421873790211976",12.3907310440001,51.3260465980001,0,0,0,Mitte
249746,14221007148210766590,14,7,13,000,2022,10,10,6,3,5,3,0,0,0,1,0,0,0,0,"735444,865031844004989","5691684,994023569859564",12.379652005,51.327640656,0,0,0,Mitte
249747,14220829148410641000,14,7,13,000,2022,08,08,2,3,1,5,0,0,1,1,0,0,0,0,"734815,234956059022807","5694856,082221340388060",12.372721815,51.3563658160001,0,0,0,Mitte
249755,14220906148421645470,14,7,13,000,2022,09,07,3,3,5,3,0,0,1,1,0,0,0,0,"734698,108133565983735","5694986,849944920279086",12.3711288700001,51.3575880180001,9,9,9,Nord
249756,14221006148410764050,14,7,13,000,2022,10,08,5,3,5,3,0,1,1,1,0,0,0,0,"736568,910820854012854","5690727,139416749589145",12.395120988,51.318576455,0,0,0,Mitte
249758,14220921144200677910,14,7,13,000,2022,09,16,4,3,5,3,0,0,1,1,0,0,0,0,"737082,230975382961333","5692962,427773710340261",12.403960898,51.3384270510001,3,3,3,Südost
249764,14221012144200737170,14,7,13,000,2022,10,14,4,3,6,4,0,0,1,0,1,0,0,0,"732445,243117698002607","5690873,763949279673398",12.336144351,51.3215920110001,5,5,5,Südwest
249767,14220908148410643690,14,7,13,000,2022,09,15,5,3,2,6,0,1,0,1,0,1,0,0,"735124,958945187041536","5693983,146350420080125",12.376585499,51.348402003,0,0,0,Mitte
249776,14220903144200641380,14,7,13,000,2022,09,11,7,3,5,2,0,0,1,1,0,0,0,0,"737372,471056935959496","5693159,412740360014141",12.4082514520001,51.3400741240001,2,2,2,Ost
249777,14221001148410702610,14,7,13,000,2022,10,03,7,2,3,6,1,0,1,0,0,0,0,0,"733759,839256396051496","5692160,900565849617124",12.3558214650001,51.3326075420001,0,0,0,Mitte
249778,14220929148210702590,14,7,13,000,2022,09,09,5,3,5,2,0,0,1,1,0,0,0,0,"735262,937573060975410","5689590,368143609724939",12.375663563,51.3089137540001,4,4,4,Süd
249781,14220903148310640980,14,7,13,000,2022,09,14,7,3,0,1,0,0,1,0,0,0,0,0,"732606,082511111977510","5692221,384085440076888",12.339328064,51.3336234860001,7,7,7,Alt-West
249792,14220902148120642420,14,7,13,000,2022,09,18,6,3,2,6,0,0,0,1,0,0,0,0,"737109,979741633054800","5696364,834596670232713",12.4066254000001,51.3689556850001,1,1,1,Nordost
249795,14220826148310640990,14,7,13,000,2022,08,15,6,3,6,7,0,1,0,1,1,0,0,0,"730542,645088633056730","5689751,875259310007095",12.3081613520001,51.3122948660001,5,5,5,Südwest
249796,14220920148310679180,14,7,13,000,2022,09,11,3,3,5,3,0,0,1,1,0,0,0,0,"732569,032115621026605","5691513,328580640256405",12.338335036,51.3272826260001,5,5,5,Südwest
249799,14220928148110691550,14,7,13,000,2022,09,13,4,3,8,1,0,1,0,1,0,0,0,0,"738757,114150536013767","5696659,982189609669149",12.430443038,51.3709149810001,1,1,1,Nordost
249801,14220812148223571120,14,7,13,000,2022,08,06,6,3,5,3,0,0,1,1,0,0,0,0,"735183,927109398995526","5688968,169837930239737",12.374121942,51.303361287,4,4,4,Süd
249811,14220824144200605940,14,7,13,000,2022,08,16,4,2,5,3,0,0,1,1,0,0,0,0,"734770,330001489957795","5693729,881985999643803",12.3713352,51.3462751710001,0,0,0,Mitte
249816,14220905144200765160,14,7,13,000,2022,09,15,2,3,5,3,0,0,0,1,0,0,0,1,"731901,843001454952173","5688517,547987380065024",12.3268277710001,51.300662355,5,5,5,Südwest
249819,14220910148310653990,14,7,13,000,2022,09,18,7,3,3,6,1,0,1,1,0,0,0,0,"732582,630929974024184","5692080,122320549562573",12.338899794,51.332365011,5,5,5,Südwest
249821,14220816148110653950,14,7,13,000,2022,08,23,3,3,5,3,2,0,1,1,0,0,0,0,"737297,959457034012303","5695375,137753769755363",12.40866071,51.3599936630001,1,1,1,Nordost
249824,14220809144200580180,14,7,13,000,2022,08,16,3,3,5,3,0,0,1,1,0,0,0,0,"738210,183323299977928","5694642,667539049871266",12.4212489390001,51.3530374090001,1,1,1,Nordost
249825,14221010144200814430,14,7,13,000,2022,10,20,2,3,2,6,2,0,0,1,0,1,0,0,"734751,304694214952178","5693843,790949489921331",12.3711376100001,51.347305518,0,0,0,Mitte
249826,14220830148410643080,14,7,13,000,2022,08,14,3,3,2,6,0,0,0,1,0,0,0,0,"736224,525445832055993","5693805,494971100240946",12.392228645,51.3463515240001,0,0,0,Mitte
249829,14220929148410745850,14,7,13,000,2022,09,19,5,3,4,2,1,0,1,1,0,0,0,0,"737188,106001527979970","5693907,238984820432961",12.4061074260001,51.346863596,2,2,2,Ost
249830,14220917143263676680,14,7,13,000,2022,09,20,7,3,6,2,1,0,0,1,1,0,0,0,"734878,197315547964536","5694491,218872539699078",12.373383662,51.353064655,0,0,0,Mitte
249831,14220815148310605480,14,7,13,000,2022,08,17,2,3,5,3,0,1,0,1,0,1,0,0,"731735,689001447055489","5690503,637987409718335",12.325738453,51.3185588650001,5,5,5,Südwest
249837,14220921148210677440,14,7,13,000,2022,09,07,4,2,5,3,0,0,1,1,0,0,0,0,"736709,798570594983175","5689733,824008240364492",12.3964799510001,51.309601672,4,4,4,Süd
249840,14220825148320607670,14,7,13,000,2022,08,19,5,3,2,6,0,0,0,1,0,0,0,0,"731721,980405700043775","5692307,826849149540067",12.326714994,51.334760348,7,7,7,Alt-West
249843,14221013148410764420,14,7,13,000,2022,10,18,5,3,0,1,2,0,1,0,0,0,0,0,"736283,618586855009198","5692602,912222660146654",12.3922777930001,51.335532346,0,0,0,Mitte
249847,14220826148410643071,14,7,13,000,2022,08,11,6,3,5,3,0,0,1,1,0,0,0,0,"735252,445708384970203","5695222,330944100394845",12.3792320490001,51.35947256,0,0,0,Mitte
249857,14220905144200717120,14,7,13,000,2022,09,17,2,3,3,2,0,0,0,1,0,1,0,0,"734271,178995133959688","5696228,620153159834445",12.3658258470001,51.368910821,9,9,9,Nord
249861,14220916148410675920,14,7,13,000,2022,09,18,6,3,5,3,0,0,1,1,0,0,0,0,"735529,755352620035410","5692695,657526269555092",12.381536312,51.3366775540001,0,0,0,Mitte
249871,14220912148210677450,14,7,13,000,2022,09,22,2,3,5,3,2,0,0,1,0,0,0,0,"738402,407621938036755","5691233,996001379564404",12.4217231480001,51.3223608500001,3,3,3,Südost
249872,14220810145200607640,14,7,13,000,2022,08,13,4,3,5,2,0,0,1,1,0,0,0,0,"738658,060444350005127","5693770,195756239816546",12.427084227,51.345018344,2,2,2,Ost
249875,14220905148210644160,14,7,13,000,2022,09,15,2,3,4,6,0,0,0,1,0,0,0,1,"734619,417617199942470","5691384,858811840415001",12.3676277180001,51.3252875330001,4,4,4,Süd
249876,14221005148211763500,14,7,13,000,2022,10,06,4,3,2,6,2,0,0,1,0,0,0,0,"734122,862337928963825","5690897,091320109553635",12.3601932240001,51.3211136290001,4,4,4,Süd
249886,14220922148210678230,14,7,13,000,2022,09,14,5,3,9,7,0,0,0,0,0,1,0,0,"735073,940161340055056","5689665,270227280445397",12.373006134,51.3096641820001,4,4,4,Süd
249894,14221007148210765810,14,7,13,000,2022,10,19,6,2,0,1,2,0,1,0,0,0,0,0,"735086,534603951033205","5690000,853483440354466",12.373407646,51.3126713190001,4,4,4,Süd
249895,14220829148213777790,14,7,13,000,2022,08,08,2,3,6,7,0,0,0,0,1,0,0,1,"733836,508255976019427","5692567,027058860287070",12.3571866390001,51.336221638,0,0,0,Mitte
249896,14220911148410677460,14,7,13,000,2022,09,02,1,3,3,5,2,0,1,0,0,0,1,0,"735059,585314885945991","5690865,029965220019221",12.3735912180001,51.320439655,4,4,4,Süd
249904,14221013148210738800,14,7,13,000,2022,10,12,5,3,5,3,0,0,0,1,0,1,0,0,"740260,102094726986252","5688676,667118719778955",12.4466123720001,51.2986256,3,3,3,Südost
249908,14220910148410644480,14,7,13,000,2022,09,21,7,3,0,7,2,0,0,0,0,0,0,1,"735162,563231216976419","5693698,882987130433321",12.376936755,51.345834805,0,0,0,Mitte
249930,14220902148210643051,14,7,13,000,2022,09,15,6,3,0,6,0,0,0,1,0,1,0,0,"739510,473109773942269","5691851,123051679693162",12.438010874,51.32743473,2,2,2,Ost
249933,14220827148310640080,14,7,13,000,2022,08,10,7,3,5,3,0,1,0,1,0,1,0,0,"731976,097452761954628","5693976,875628399662673",12.3314438350001,51.3496394160001,7,7,7,Alt-West
249941,14221012144200737620,14,7,13,000,2022,10,16,4,3,5,3,0,0,1,1,0,0,0,0,"734993,708243396948092","5693901,439145180396736",12.374650209,51.3477228410001,0,0,0,Mitte
249944,14220928144200737590,14,7,13,000,2022,09,09,4,3,5,3,0,1,1,1,0,0,0,0,"735562,971085836994462","5692151,162850639782846",12.3816523030001,51.3317762440001,0,0,0,Mitte
249946,14220813148310571770,14,7,13,000,2022,08,19,7,3,0,1,0,0,1,0,0,0,0,0,"730801,377324423054233","5694833,236372220329940",12.31515928,51.3578050570001,7,7,7,Alt-West
249956,14220926149224691030,14,7,13,000,2022,09,12,2,3,2,6,0,0,1,1,0,0,0,0,"742121,157112961052917","5693296,761089029721916",12.476394181,51.3393048900001,2,2,2,Ost
249958,14220912144200764770,14,7,13,000,2022,09,10,2,2,5,2,0,0,1,1,0,0,0,0,"734547,005001473007724","5698528,718985999934375",12.37129945,51.3894434810001,9,9,9,Nord
249959,14220811148410572270,14,7,13,000,2022,08,09,5,3,1,5,0,0,1,1,0,0,0,0,"737676,020207399968058","5691873,745827089995146",12.4117439360001,51.3284071520001,3,3,3,Südost
249960,14221011148210738460,14,7,13,000,2022,10,13,3,3,2,6,0,0,0,1,0,0,0,0,"739994,641228456981480","5694277,542331459932029",12.446582091,51.3490095130001,2,2,2,Ost
249961,14220904148410641491,14,7,13,000,2022,09,02,1,3,0,1,2,0,1,0,0,0,0,0,"737248,367001533973962","5692229,234984830021858",12.4058534590001,51.331776566,3,3,3,Südost
249962,14221006144200776770,14,7,13,000,2022,10,10,5,3,3,2,0,0,1,0,0,0,0,0,"735095,955001492053270","5694524,133985820226371",12.3765270700001,51.353270084,0,0,0,Mitte
249963,14220907148110643010,14,7,13,000,2022,09,05,4,3,2,6,2,0,0,1,0,0,0,0,"728403,523891004035249","5699542,928761719726026",12.283805478,51.4010534930001,8,8,8,Nordwest
249964,14220919148110690980,14,7,13,000,2022,09,14,2,3,1,5,0,0,1,1,0,0,0,0,"734291,972806756966747","5695502,347152389585972",12.365645581,51.362382923,9,9,9,Nord
249965,14220816148310580620,14,7,13,000,2022,08,07,3,3,5,3,0,0,0,1,0,0,0,0,"732057,564396732021123","5692939,282448990270495",12.331935432,51.340291952,7,7,7,Alt-West
249969,14221009148310717150,14,7,13,000,2022,10,20,1,2,0,7,2,0,1,0,0,0,0,0,"732115,623521544039249","5690521,543170309625566",12.3311928270001,51.3185647540001,5,5,5,Südwest
249972,14220930148110702320,14,7,13,000,2022,09,06,6,3,5,3,2,0,1,1,0,0,0,0,"736571,285384421003982","5697169,603461500257254",12.399436016,51.376403958,1,1,1,Nordost
249982,14220812144200571080,14,7,13,000,2022,08,13,6,3,5,3,0,0,0,1,0,0,0,0,"743647,990322745987214","5694326,837577910162508",12.4989776080001,51.3478979160001,2,2,2,Ost
249984,14220906144200643580,14,7,13,000,2022,09,06,3,3,5,3,1,0,1,1,0,0,0,0,"736385,398961629020050","5695700,018370389938354",12.3957929160001,51.3632901890001,9,9,9,Nord
249989,14220909144100653910,14,7,13,000,2022,09,21,6,3,0,1,1,0,1,0,0,0,0,0,"734626,289084527990781","5692413,933824620209634",12.3684036820001,51.3345221320001,0,0,0,Mitte
249991,14220824148210605470,14,7,13,000,2022,08,14,4,3,0,7,0,0,0,1,0,1,0,0,"740375,014275592984632","5688895,333469940349460",12.448404855,51.3005398010001,3,3,3,Südost
249997,14221005148410708070,14,7,13,000,2022,10,08,4,3,5,2,0,0,1,1,0,0,0,0,"735043,351325970957987","5693380,729835719801486",12.3750180500001,51.3430282470001,0,0,0,Mitte
249998,14220908148110703260,14,7,13,000,2022,09,07,5,2,5,2,0,0,1,1,0,0,0,0,"735971,895910489954986","5695489,167217460460961",12.389724039,51.361569434,9,9,9,Nord
250005,14220830148410678270,14,7,13,000,2022,08,08,3,3,5,3,0,0,1,1,0,0,0,0,"735337,549603970954195","5692024,834408029913902",12.37833885,51.3307355860001,0,0,0,Mitte
250008,14221004148110788440,14,7,13,000,2022,10,06,3,3,3,6,2,0,0,1,0,0,1,0,"735940,356477390974760","5694435,181993350386620",12.3885729460001,51.35212174,1,1,1,Nordost
250011,14220816148310580610,14,7,13,000,2022,08,09,3,3,5,3,0,0,1,1,0,0,0,0,"730660,120005915057845","5690363,504722800105810",12.3102395770001,51.3177378680001,6,6,6,West
250012,14220925148310691900,14,7,13,000,2022,09,14,1,3,6,7,0,0,0,1,0,0,0,1,"730471,767283392953686","5694651,821040290407836",12.310315846,51.3563102780001,7,7,7,Alt-West
250019,14220916144200676730,14,7,13,000,2022,09,19,6,2,6,4,0,0,0,0,1,0,0,1,"735915,697355136042461","5692869,178477769717574",12.387181872,51.3380751560001,0,0,0,Mitte
250025,14220829148310607280,14,7,13,000,2022,08,14,2,3,0,7,0,0,1,0,0,0,0,0,"733022,804612620966509","5691147,997812209650874",12.344597838,51.3238174890001,5,5,5,Südwest
250026,14220922148410684330,14,7,13,000,2022,09,10,5,3,1,5,0,0,1,1,0,0,0,0,"736621,722887034993619","5693780,633433730341494",12.3979051920001,51.3459631860001,2,2,2,Ost
250030,14220914145200717530,14,7,13,000,2022,09,17,4,3,0,1,0,1,0,0,0,1,0,0,"736702,568949338980019","5693674,377715219743550",12.3989933170001,51.3449757670001,2,2,2,Ost
250031,14220813144200571750,14,7,13,000,2022,08,19,7,3,5,2,0,0,0,1,0,0,0,0,"732384,653591349022463","5696306,486670340411365",12.3388222340001,51.3703846970001,8,8,8,Nordwest
250033,14220901148110644860,14,7,13,000,2022,09,15,5,3,3,6,0,0,1,1,0,0,0,0,"735037,508371316012926","5695436,181027639657259",12.3762916760001,51.3614810880001,9,9,9,Nord
250034,14220906144200642440,14,7,13,000,2022,09,06,3,2,5,3,1,0,1,0,0,0,1,0,"739331,759168016025797","5696005,532389099709690",12.438243078,51.3647989900001,1,1,1,Nordost
250036,14220827144200612761,14,7,13,000,2022,08,19,7,3,9,1,1,0,0,1,0,0,0,0,"735608,619027510983869","5693359,339181110262871",12.383105476,51.342602287,0,0,0,Mitte
250037,14220921148410739370,14,7,13,000,2022,09,17,4,2,0,7,0,0,1,0,0,0,0,0,"736390,345282998983748","5697181,919564370065928",12.396849079,51.376589853,9,9,9,Nord
250040,14220824144200605440,14,7,13,000,2022,08,22,4,3,5,2,2,0,0,1,0,0,0,0,"739102,078324771951884","5699446,166754689998925",12.4372649540001,51.3957779030001,1,1,1,Nordost
250045,14221005148321717610,14,7,13,000,2022,10,07,4,3,4,6,0,0,1,0,0,0,0,0,"735562,104230436962098","5692941,653113720007241",12.3821625580001,51.338872286,0,0,0,Mitte
250048,14220816144200606880,14,7,13,000,2022,08,09,3,2,5,3,0,0,1,0,0,0,0,1,"736541,800040832022205","5693018,273326010443270",12.3962532790001,51.339153378,2,2,2,Ost
250058,14220814148110580570,14,7,13,000,2022,08,16,1,3,5,3,0,0,1,1,0,0,0,0,"734178,004950114991516","5700115,383712270297110",12.367052046,51.4038382940001,9,9,9,Nord
250059,14220902148110642991,14,7,13,000,2022,09,08,6,3,3,6,0,0,0,1,0,0,0,0,"732044,475001330021769","5698789,464327899739146",12.3355651360001,51.392812635,8,8,8,Nordwest
250063,14220829148110643610,14,7,13,000,2022,08,06,2,3,4,6,1,0,1,1,0,0,0,0,"735972,064725619042292","5700301,245724540203810",12.39292254,51.4047632790001,9,9,9,Nord
250066,14220909148410644210,14,7,13,000,2022,09,09,6,3,2,6,0,0,0,1,0,0,0,0,"732738,326951722963713","5694134,037189019843936",12.34247312,51.350738633,0,0,0,Mitte
250069,14220915148210654550,14,7,13,000,2022,09,16,5,3,2,6,0,0,0,1,0,1,0,0,"741585,418395800981671","5686688,687474030070007",12.464242794,51.280221628,3,3,3,Südost
250082,14220909148310675630,14,7,13,000,2022,09,15,6,3,5,3,0,1,1,1,0,0,0,0,"733401,937347739003599","5692158,482565240003169",12.350691333,51.3327328140001,5,5,5,Südwest
250085,14220913148415684530,14,7,13,000,2022,09,13,3,2,0,1,0,1,0,0,0,0,0,1,"735112,128977449028753","5694111,680602219887078",12.376486486,51.349561076,0,0,0,Mitte
250092,14220920149210677480,14,7,13,000,2022,09,16,3,3,1,7,0,0,0,1,0,0,0,0,"739863,995037990971468","5692312,181617789901793",12.4433859230001,51.3314241310001,2,2,2,Ost
250094,14220926148210764040,14,7,13,000,2022,09,14,2,3,2,6,0,0,0,1,0,0,0,0,"735292,236074798973277","5690448,947834160178900",12.3766494810001,51.3166085930001,4,4,4,Süd
250097,14220810144200572230,14,7,13,000,2022,08,12,4,2,8,1,0,0,0,1,0,0,0,0,"734342,269815603969619","5696047,956625440157950",12.366726269,51.367259791,9,9,9,Nord
250102,14220907144200717510,14,7,13,000,2022,09,18,4,3,3,2,0,0,0,1,0,1,0,0,"736797,202343548997305","5697142,179865020327270",12.4026579370001,51.3760636490001,1,1,1,Nordost
250103,14220930148410738190,14,7,13,000,2022,09,14,6,3,5,2,0,0,0,1,0,0,0,1,"736686,883673061965965","5693032,217288729734719",12.398341714,51.3392181740001,3,3,3,Südost
250120,14221007144200765201,14,7,13,000,2022,10,09,6,3,0,7,0,0,0,0,1,0,0,1,"732530,341575423954055","5691951,309598050080240",12.3380664490001,51.3312300750001,5,5,5,Südwest
250123,14220818144200580560,14,7,13,000,2022,08,21,5,3,6,2,2,1,0,0,1,0,0,1,"735826,745147385983728","5699920,629566930234432",12.3905840640001,51.4014072470001,9,9,9,Nord
250128,14220810148310590370,14,7,13,000,2022,08,18,4,3,3,6,0,0,1,0,0,1,0,0,"731774,276645774953067","5690161,079097339883447",12.326068611,51.315468052,5,5,5,Südwest
250131,14221006148210738440,14,7,13,000,2022,10,11,5,3,5,3,0,0,1,1,0,0,0,0,"735114,719161367043853","5688744,963659480214119",12.372983854,51.3013862720001,4,4,4,Süd
250138,14221010148410717960,14,7,13,000,2022,10,20,2,3,0,7,2,0,1,0,0,0,0,0,"737351,929968719021417","5692593,769230210222304",12.407580185,51.3350054470001,2,2,2,Ost
250140,14221004144200888290,14,7,13,000,2022,10,17,3,3,5,3,0,0,0,1,0,0,0,0,"737146,486050080973655","5694335,962995469570160",12.405796482,51.3507292130001,1,1,1,Nordost
250142,14220916148310679160,14,7,13,000,2022,09,12,6,3,1,5,0,0,0,1,0,1,0,0,"732492,851132162963040","5691515,122710580006242",12.3372446830001,51.32732987,5,5,5,Südwest
250144,14221104148310806550,14,7,13,000,2022,11,12,6,3,5,3,0,1,0,1,0,1,0,0,"727797,159913643961772","5689091,726708020083606",12.268412853,51.307473879,6,6,6,West
250147,14221124148410864810,14,7,13,000,2022,11,12,5,3,2,6,0,1,0,1,0,0,0,0,"735560,321732906973921","5692936,565767220221460",12.382133648,51.338827359,0,0,0,Mitte
250151,14221205148210909350,14,7,13,000,2022,12,10,2,3,5,3,0,0,1,1,0,0,0,0,"735076,370335309999064","5690256,869191310368478",12.373430785,51.314973621,4,4,4,Süd
250156,14221103144200842810,14,7,13,000,2022,11,18,5,2,5,3,2,0,1,1,0,0,0,0,"742233,482624443015084","5693544,499361050315201",12.4781722590001,51.341480603,2,2,2,Ost
250158,14221109148110830930,14,7,13,000,2022,11,07,4,3,5,3,0,1,1,1,0,0,0,0,"737087,917863314040005","5697896,015187540091574",12.407330384,51.382708789,1,1,1,Nordost
250161,14221219144200930710,14,7,13,000,2022,12,16,2,2,6,7,2,1,0,1,1,0,0,0,"738009,817220657016151","5694571,312795920297503",12.4183290030001,51.3524808710001,1,1,1,Nordost
250166,14221111148410830560,14,7,13,000,2022,11,06,6,3,2,6,1,0,0,1,0,0,0,0,"736339,316833863966167","5694307,684839259833097",12.3942073650001,51.3508115590001,1,1,1,Nordost
250170,14221117144100910150,14,7,13,000,2022,11,16,5,3,5,2,1,1,1,1,0,0,0,0,"735763,379945533000864","5692859,770823219791055",12.3849928330001,51.338053878,0,0,0,Mitte
250174,14221105148320049840,14,7,13,000,2022,11,18,7,2,6,6,2,0,0,1,1,0,0,0,"732108,625427293009125","5692961,974012919701636",12.3326820340001,51.3404748080001,7,7,7,Alt-West
250176,14221111144200822820,14,7,13,000,2022,11,19,6,3,5,3,2,0,1,1,0,0,0,0,"737405,497486897045746","5693654,007187769748271",12.4090544690001,51.344499839,2,2,2,Ost
250180,14221204148210943880,14,7,13,000,2022,12,10,1,3,5,3,0,1,0,1,0,0,0,0,"738236,285485413973220","5690986,445139739662409",12.4191779970001,51.3202084160001,3,3,3,Südost
250188,14221109144200893010,14,7,13,000,2022,11,14,4,3,5,3,0,0,0,1,0,0,0,1,"736040,556506218970753","5693583,185746920295060",12.389444407,51.3444324380001,0,0,0,Mitte
250189,14221121148310888790,14,7,13,000,2022,11,17,2,3,2,6,2,1,0,1,0,0,0,0,"733014,295158077031374","5690596,184585670009255",12.344115296,51.3188675260001,5,5,5,Südwest
250191,14221027148410776760,14,7,13,000,2022,10,09,5,3,5,2,0,0,0,1,0,1,0,0,"737164,263870625058189","5691280,470883170142770",12.404017085,51.3232954280001,3,3,3,Südost