OBJECTID,UIDENTSTLAE,ULAND,UREGBEZ,UKREIS,UGEMEINDE,UJAHR,UMONAT,USTUNDE,UWOCHENTAG,UKATEGORIE,UART,UTYP1,ULICHTVERH,IstStrassenzustand,IstRad,IstPKW,IstFuss,IstKrad,IstGkfz,IstSonstige,LINREFX,LINREFY,XGCSWGS84,YGCSWGS84,index_right,FID,SBZ,Name
250192,14221216148310929490,14,7,13,000,2022,12,09,6,3,5,3,0,1,1,1,0,0,0,0,"731773,544710173038766","5690161,121455029584467",12.3260581540001,51.3154687300001,5,5,5,Südwest
250197,14221114144200887030,14,7,13,000,2022,11,18,2,2,6,4,2,0,1,0,1,0,0,0,"727423,039028945961036","5689705,592945680022240",12.2634456690001,51.3131343970001,6,6,6,West
250200,14221030148410777410,14,7,13,000,2022,10,13,1,3,5,2,0,0,1,1,0,0,0,0,"736590,490405458956957","5693784,751732069998980",12.3974602750001,51.3460131510001,2,2,2,Ost
250207,14221017148410739210,14,7,13,000,2022,10,08,2,3,6,4,0,0,0,1,1,0,0,0,"735593,794916194048710","5693138,829968280158937",12.382747141,51.340629075,0,0,0,Mitte
250210,14221215144200938310,14,7,13,000,2022,12,14,5,3,1,5,0,0,0,1,0,0,0,0,"740409,920895287999883","5688960,360480830073357",12.4489484420001,51.3011087310001,3,3,3,Südost
250212,14221117148410865200,14,7,13,000,2022,11,09,5,3,5,2,0,0,1,1,0,0,0,0,"735012,572063855011947","5691985,078764379955828",12.373656173,51.330513081,0,0,0,Mitte
250215,14221106144200807330,14,7,13,000,2022,11,18,1,2,1,7,2,0,1,1,0,0,0,0,"737309,729388899053447","5696753,481327329762280",12.40974921,51.3723607650001,1,1,1,Nordost
250216,14221015144200738420,14,7,13,000,2022,10,14,7,3,9,1,0,0,0,1,0,0,0,0,"739302,489167912048288","5699513,353846049867570",12.440185715,51.3962964830001,1,1,1,Nordost
250217,14221110148310843210,14,7,13,000,2022,11,17,5,3,5,3,2,0,1,0,0,0,0,1,"729302,481632741983049","5691013,780267070047557",12.2912087020001,51.324124156,6,6,6,West
250232,14221128148410893050,14,7,13,000,2022,11,07,2,3,5,2,1,0,1,1,0,0,0,0,"736131,274580047000200","5693490,193799460306764",12.390682966,51.343560053,0,0,0,Mitte
250250,14221209145200931090,14,7,13,000,2022,12,16,6,3,6,4,1,0,0,1,1,0,0,0,"736702,786325286957435","5697350,396060939878225",12.401442466,51.37797197,1,1,1,Nordost
250256,14221102144200805930,14,7,13,000,2022,11,14,4,3,5,3,0,0,0,1,0,0,0,0,"732249,586661326000467","5696065,700911340303719",12.3367278960001,51.368278484,8,8,8,Nordwest
250259,14221129148310887830,14,7,13,000,2022,11,16,3,3,5,2,0,0,1,1,0,0,0,0,"731597,023865811992437","5690705,360145810060203",12.3238830230001,51.3204261480001,5,5,5,Südwest
250260,14221107144200807790,14,7,13,000,2022,11,09,2,3,5,3,0,0,0,1,0,0,0,0,"736014,285598473041318","5697117,945036619901657",12.3914129230001,51.376172017,9,9,9,Nord
250277,14221029144200805940,14,7,13,000,2022,10,16,7,2,0,3,0,0,1,1,1,0,0,0,"737505,054627742967568","5697075,026211390271783",12.4127652,51.3751652990001,1,1,1,Nordost
250278,14221220148410938370,14,7,13,000,2022,12,18,3,3,1,1,1,0,0,1,0,0,0,0,"735447,350902879028581","5693294,049302600324154",12.380750989,51.3420830270001,0,0,0,Mitte
250280,14221205148410909040,14,7,13,000,2022,12,19,2,3,6,4,2,1,1,0,1,0,0,0,"735593,815623458009213","5693139,312038719654083",12.3827477570001,51.3406333930001,0,0,0,Mitte
250282,14221022148410764410,14,7,13,000,2022,10,13,7,3,2,6,0,0,0,1,0,0,0,0,"734850,617001496022567","5691914,469986000098288",12.3712890620001,51.3299461560001,0,0,0,Mitte
250288,14221124148410852480,14,7,13,000,2022,11,20,5,3,5,3,2,1,1,1,0,0,0,0,"735884,168776434962638","5692780,230262179858983",12.386671145,51.3372898120001,0,0,0,Mitte
250295,14221220144200943860,14,7,13,000,2022,12,16,3,3,6,4,2,1,0,1,1,0,0,0,"740830,170671578031033","5694724,565660970285535",12.458860208,51.3526684500001,2,2,2,Ost
250299,14221021144200765260,14,7,13,000,2022,10,11,6,3,6,4,0,0,0,0,1,0,0,1,"734766,953932757023722","5692496,603209029883146",12.370473857,51.335206161,0,0,0,Mitte
250304,14221108662212808680,14,7,13,000,2022,11,12,3,2,0,1,0,0,1,0,0,0,0,0,"735497,591054940014146","5689739,581986109726131",12.3791226880001,51.3101561300001,4,4,4,Süd
250312,14221114148210864400,14,7,13,000,2022,11,06,2,3,4,6,1,0,1,0,0,0,0,0,"741123,714703720994294","5696125,443128559738398",12.4640172910001,51.365117583,2,2,2,Ost
250314,14221123148320887811,14,7,13,000,2022,11,18,4,3,5,3,2,1,1,1,0,0,0,0,"729224,430430634994991","5694727,606377379968762",12.29248075,51.3574950940001,7,7,7,Alt-West
250315,14221025148110830920,14,7,13,000,2022,10,09,3,3,2,2,0,0,0,1,0,0,0,0,"738693,597425934043713","5697014,446008089929819",12.4297701850001,51.3741232730001,1,1,1,Nordost
250323,14221118144200843170,14,7,13,000,2022,11,20,6,3,5,3,2,0,0,1,0,0,0,0,"734544,318764270050451","5698527,737298890016973",12.371260262,51.3894357790001,9,9,9,Nord
250324,14221222148410944540,14,7,13,000,2022,12,14,5,3,2,6,0,1,0,1,0,0,0,0,"735593,529284617048688","5693133,375612519681454",12.3827397260001,51.3405802250001,0,0,0,Mitte
250325,14221207148310020210,14,7,13,000,2022,12,14,4,3,5,3,0,1,1,1,0,0,0,0,"731895,639195377007127","5689081,623407449573278",12.3271054250001,51.3057285090001,5,5,5,Südwest
250326,14221214144200939110,14,7,13,000,2022,12,14,4,2,6,4,0,0,0,1,1,0,0,0,"731851,043307275976986","5689316,650176879949868",12.3266194510001,51.3078564740001,5,5,5,Südwest
250327,14221023148210764820,14,7,13,000,2022,10,03,1,2,0,7,2,0,1,0,0,0,0,0,"735403,640928796026856","5690909,421813449822366",12.3785492270001,51.320695906,4,4,4,Süd
250328,14221117148221831350,14,7,13,000,2022,11,17,5,3,5,3,2,1,1,1,0,0,0,0,"735278,721389935002662","5690883,554488119669259",12.3767426370001,51.3205153750001,4,4,4,Süd
250329,14221224148210983640,14,7,13,000,2022,12,23,7,3,5,3,2,1,0,1,0,0,0,1,"732971,556013153982349","5691188,951325920410454",12.343890371,51.3242061020001,5,5,5,Südwest
250338,14221206148110908990,14,7,13,000,2022,12,15,3,3,1,5,0,1,0,1,0,0,0,0,"733795,340206529013813","5697190,693368890322745",12.359634741,51.3777428700001,9,9,9,Nord
250339,14221212148110938340,14,7,13,000,2022,12,14,2,3,6,4,0,1,0,1,1,0,0,0,"737241,883378189057112","5694408,761225869879127",12.407212459,51.3513428460001,1,1,1,Nordost
250340,14221021144200808360,14,7,13,000,2022,10,13,6,2,6,4,0,0,0,0,1,0,0,1,"735288,098939480027184","5697934,828875710256398",12.3815384000001,51.3838058910001,9,9,9,Nord
250341,14221114148110823130,14,7,13,000,2022,11,07,2,3,5,7,0,1,1,1,0,0,0,0,"737744,469423179980367","5693705,901761270128191",12.413947358,51.344824004,2,2,2,Ost
250344,14221014148110738430,14,7,13,000,2022,10,13,6,3,6,4,0,0,1,0,1,0,0,0,"737035,598083700984716","5693764,305265280418098",12.403826349,51.3456442180001,2,2,2,Ost
250348,14221219145400939140,14,7,13,000,2022,12,08,2,3,1,6,0,1,0,1,0,0,0,0,"735095,906699276994914","5694530,996783009730279",12.376530911,51.3533317060001,0,0,0,Mitte
250350,14221203148410930270,14,7,13,000,2022,12,00,7,3,6,4,2,1,0,1,1,0,0,0,"734834,106316077988595","5692993,874034320004284",12.371763973,51.339642139,0,0,0,Mitte
250353,14221112148210909760,14,7,13,000,2022,11,20,7,3,5,3,2,0,0,1,0,0,0,0,"735272,266402221983299","5691182,326493560336530",12.3768473210001,51.3231999340001,4,4,4,Süd
250356,14221024144200808430,14,7,13,000,2022,10,16,2,3,5,3,0,0,0,1,0,1,0,0,"731842,844259607954882","5689359,503425209783018",12.326529867,51.3082445000001,5,5,5,Südwest
250360,14221129144200886100,14,7,13,000,2022,11,15,3,2,5,2,0,0,1,1,0,0,0,0,"736259,485859125969000","5692082,116380150429904",12.3915866470001,51.330867595,0,0,0,Mitte
250368,14221114148110830950,14,7,13,000,2022,11,05,2,3,4,2,2,0,0,1,0,1,0,0,"735030,973838838050142","5696509,532395499758422",12.3769073510001,51.3711185240001,9,9,9,Nord
250371,14221124144200852380,14,7,13,000,2022,11,14,5,3,6,2,0,1,0,1,1,0,0,0,"730398,721790865994990","5693955,738076239824295",12.3088179210001,51.350091197,7,7,7,Alt-West
250377,14221107144200808420,14,7,13,000,2022,11,18,2,2,6,4,2,0,0,1,1,0,0,0,"735826,856947751948610","5692820,873836879618466",12.385876749,51.337678408,0,0,0,Mitte
250378,14221017144200763960,14,7,13,000,2022,10,07,2,3,0,7,0,0,1,0,0,0,1,0,"735600,100318273995072","5695318,017174470238388",12.384279877,51.3601874300001,9,9,9,Nord
250387,14221115148110830520,14,7,13,000,2022,11,07,3,3,5,3,0,0,1,1,0,0,0,0,"737759,980325571959838","5700557,074827260337770",12.4187525140001,51.4063131170001,9,9,9,Nord
250388,14221225144200944490,14,7,13,000,2022,12,20,1,3,5,3,2,1,0,1,0,0,0,0,"737715,468177906004712","5695330,682277469895780",12.4146168730001,51.3594201290001,1,1,1,Nordost
250392,14221109148410830580,14,7,13,000,2022,11,19,4,3,4,2,2,0,1,1,0,0,0,0,"734265,483499053050764","5691963,249037490226328",12.3629370670001,51.3306252950001,0,0,0,Mitte
250393,14221125148310865600,14,7,13,000,2022,11,15,6,3,0,1,0,1,0,0,0,1,0,0,"730818,342389864032157","5693661,449676429852843",12.31464257,51.3472791620001,7,7,7,Alt-West
250400,14221114148310823140,14,7,13,000,2022,11,12,2,3,2,6,0,0,0,0,0,1,0,1,"730954,589212864986621","5693945,345011860132217",12.3167797940001,51.3497723230001,7,7,7,Alt-West
250403,14221014148310739350,14,7,13,000,2022,10,13,6,3,5,3,0,0,1,1,0,0,0,0,"729881,256247141049244","5690125,391366049647331",12.2989284170001,51.3159154580001,6,6,6,West
250410,14221017144200739310,14,7,13,000,2022,10,11,2,3,5,3,0,0,0,1,0,0,0,1,"736069,336225943989120","5688112,750001610256732",12.386235254,51.295316363,4,4,4,Süd
250414,14221117144200842500,14,7,13,000,2022,11,10,5,2,6,2,0,1,0,1,1,0,0,0,"738364,698912870022468","5690897,236778119578958",12.420957835,51.319353909,3,3,3,Südost
250423,14221220144200970240,14,7,13,000,2022,12,18,3,3,5,3,2,1,0,1,0,0,0,1,"735041,518001500982791","5691285,000985920429230",12.373609263,51.3242169480001,4,4,4,Süd
250424,14221205144200888710,14,7,13,000,2022,12,20,2,3,5,3,2,1,0,1,0,0,0,1,"742285,908603913965635","5694030,521007340401411",12.479254224,51.345820497,2,2,2,Ost
250429,14221103148415806560,14,7,13,000,2022,11,08,5,3,5,3,0,0,1,0,0,0,0,0,"735174,160907131968997","5693483,989999090321362",12.376961055,51.343901056,0,0,0,Mitte
250433,14221027148110776370,14,7,13,000,2022,10,09,5,3,5,3,0,0,1,1,0,0,0,0,"734727,604061282007024","5699346,820720150135458",12.3744312970001,51.3967123480001,9,9,9,Nord
250436,14221202143263888690,14,7,13,000,2022,12,18,6,3,6,7,2,1,0,1,1,0,0,0,"734750,789063630974852","5691162,523143590427935",12.3693634580001,51.3232375600001,4,4,4,Süd
250439,14221114148113831330,14,7,13,000,2022,11,13,2,3,2,2,0,0,0,1,0,0,0,0,"728894,027457923046313","5700995,540568710304797",12.2917822520001,51.413895962,8,8,8,Nordwest
250449,14221108144200814440,14,7,13,000,2022,11,14,3,3,2,6,0,0,0,1,0,0,0,0,"736886,625549518968910","5691339,574254229664803",12.400078953,51.3239416060001,0,0,0,Mitte
250450,14221124148313863960,14,7,13,000,2022,11,10,5,3,5,3,0,1,1,0,0,0,0,1,"734176,382943417993374","5692174,371992249973118",12.361799117,51.332557127,0,0,0,Mitte
250454,14221201148410929500,14,7,13,000,2022,12,09,5,3,3,5,0,1,0,1,0,1,0,0,"735641,175035618944094","5696593,020620999857783",12.385713594,51.3716151200001,9,9,9,Nord
250456,14221018148310806540,14,7,13,000,2022,10,21,3,3,5,2,2,1,1,1,0,0,0,0,"731766,569462415995076","5690052,420715570449829",12.3258876030001,51.3144957800001,5,5,5,Südwest
250457,14221114144200823110,14,7,13,000,2022,11,08,2,3,5,2,0,0,1,1,0,0,0,0,"736440,566752754966728","5691191,962705099955201",12.3935907540001,51.3228021510001,0,0,0,Mitte
250460,14221014148310738140,14,7,13,000,2022,10,16,6,3,3,5,0,0,1,1,0,0,0,0,"734538,349406969966367","5695603,689669529907405",12.3692450790001,51.363190966,9,9,9,Nord
250465,14221229148410967750,14,7,13,000,2022,12,16,5,3,5,3,1,0,0,1,0,0,0,0,"735505,698295457055792","5692056,121636000461876",12.3807688410001,51.330946839,0,0,0,Mitte
250471,14221222148410939190,14,7,13,000,2022,12,12,5,3,6,4,0,1,0,1,1,0,0,0,"734877,220840706955642","5694491,012378009967506",12.373369527,51.3530632050001,0,0,0,Mitte
250473,14221117148210842550,14,7,13,000,2022,11,17,5,3,5,3,2,1,1,1,0,0,0,0,"735785,304785785963759","5689446,165473570115864",12.3830494380001,51.3074032260001,4,4,4,Süd
250474,14221226144200944381,14,7,13,000,2022,12,02,2,2,4,6,2,1,0,1,0,1,0,0,"736930,121962639037520","5692503,570015840232372",12.401475915,51.3343716810001,3,3,3,Südost
250481,14221120144200931060,14,7,13,000,2022,11,20,1,3,3,2,2,0,1,1,0,0,0,0,"735113,325645647011697","5689416,274598970077932",12.373406142,51.3074128260001,4,4,4,Süd
250482,14221220144200938440,14,7,13,000,2022,12,16,3,3,2,6,2,1,0,1,0,0,0,0,"736790,607343118055724","5693773,530057270079851",12.4003210770001,51.3458291110001,2,2,2,Ost
250484,14221209148410944080,14,7,13,000,2022,12,13,6,3,5,3,0,0,0,1,0,0,0,0,"735708,163537699030712","5692651,758605790324509",12.3840639050001,51.3362095900001,0,0,0,Mitte
250488,14221014148410764060,14,7,13,000,2022,10,07,6,3,5,3,0,0,1,1,0,0,0,0,"734804,899798830039799","5691681,527508540078998",12.370480538,51.3278740380001,0,0,0,Mitte
250489,14221109148210843590,14,7,13,000,2022,11,08,4,3,5,3,0,1,1,1,0,0,0,0,"734722,900087342946790","5690559,749800349585712",12.3685671120001,51.3178383010001,4,4,4,Süd
250490,14221124148210930240,14,7,13,000,2022,11,15,5,3,5,3,0,1,0,1,0,0,0,0,"736178,673045682022348","5688201,333740710280836",12.387859258,51.29606619,4,4,4,Süd
250494,14221201148410886680,14,7,13,000,2022,12,17,5,2,5,3,2,1,1,1,0,0,0,0,"734873,716504293028265","5694491,977810489945114",12.3733199280001,51.353073319,0,0,0,Mitte
250499,14221030148414807810,14,7,13,000,2022,10,22,1,3,2,6,2,0,0,1,0,0,0,0,"735312,938607007032260","5692596,996810150332749",12.3783640840001,51.3358816940001,0,0,0,Mitte
250500,14221123144200888700,14,7,13,000,2022,11,11,4,3,2,6,0,1,0,1,0,0,0,1,"737785,550796983996406","5693746,268590879626572",12.414563109,51.3451691560001,2,2,2,Ost
250514,14221025144200766330,14,7,13,000,2022,10,18,3,3,2,6,2,0,0,1,0,0,0,0,"732148,999755866010673","5696422,500959619879723",12.33551836,51.3715224800001,8,8,8,Nordwest
250521,14221222148410968080,14,7,13,000,2022,12,12,5,3,5,3,0,0,1,1,0,0,0,0,"736336,970421949983574","5692764,056029969826341",12.3931492180001,51.3369566380001,0,0,0,Mitte
250523,14221215144200928900,14,7,13,000,2022,12,15,5,3,5,3,0,0,1,1,0,0,0,0,"738850,784669592976570","5689348,729510930366814",12.42688386,51.305250824,3,3,3,Südost
250524,14221024148310766600,14,7,13,000,2022,10,08,2,3,0,7,0,1,1,0,0,0,0,0,"732475,886833820026368","5691791,190378810279071",12.3371816960001,51.3298149870001,5,5,5,Südwest
250530,14221110148310822890,14,7,13,000,2022,11,15,5,3,2,6,0,0,0,1,0,0,0,1,"727870,179128439980559","5683212,463263969868422",12.2657098330001,51.2546639710001,5,5,5,Südwest
250537,14221212144200910170,14,7,13,000,2022,12,08,2,3,5,3,0,2,1,1,0,0,0,0,"736427,588001530035399","5689519,187985300086439",12.3922959940001,51.307792324,4,4,4,Süd
250538,14221021144200763970,14,7,13,000,2022,10,13,6,2,5,2,0,1,0,1,0,0,0,1,"728481,388001376995817","5695057,687988650053740",12.282038829,51.360757531,7,7,7,Alt-West
250542,14221014144320766270,14,7,13,000,2022,10,16,6,3,5,3,0,0,0,1,0,0,0,0,"737237,951048505026847","5692692,064249879680574",12.4060123890001,51.3359353060001,3,3,3,Südost
250544,14221124148210910200,14,7,13,000,2022,11,12,5,3,3,6,0,0,1,1,0,0,0,0,"735052,957759403972887","5691110,407749489881098",12.373658042,51.322645003,4,4,4,Süd
250550,14221018148410788460,14,7,13,000,2022,10,19,3,3,4,2,2,1,1,1,0,0,0,0,"734834,741001495043747","5692213,793986000120640",12.371258843,51.3326395650001,0,0,0,Mitte
250559,14221107144200808410,14,7,13,000,2022,11,17,2,3,5,3,2,0,1,1,0,0,0,0,"731890,162158241961151","5692885,141481109894812",12.3295009400001,51.3398742320001,7,7,7,Alt-West
250562,14221118148410842570,14,7,13,000,2022,11,08,6,3,3,5,0,1,1,1,0,0,0,0,"736460,873820243985392","5692746,123780920170248",12.394912875,51.3367441710001,3,3,3,Südost
250571,14221015148210738450,14,7,13,000,2022,10,01,7,3,8,1,2,1,0,1,0,0,0,0,"738089,393480740953237","5690441,411976579576731",12.4167099470001,51.3153776720001,3,3,3,Südost
250573,14221125144200886160,14,7,13,000,2022,11,11,6,3,5,3,0,1,0,1,0,0,0,0,"731388,553589986986481","5696693,281560350209475",12.3247883060001,51.374263512,8,8,8,Nordwest
250574,14221028144200808330,14,7,13,000,2022,10,17,6,3,2,6,0,0,0,1,0,0,0,1,"729773,402001410024241","5691143,750988209620118",12.2980396520001,51.325100929,6,6,6,West
250581,14221206148410909370,14,7,13,000,2022,12,17,3,3,3,6,2,1,1,1,0,0,0,0,"736767,264880332048051","5693044,524567269720137",12.3995018250001,51.339295185,2,2,2,Ost
250582,14221214148110916730,14,7,13,000,2022,12,13,4,3,5,3,0,1,0,1,0,0,0,0,"732181,905363810947165","5692994,444670110009611",12.333753465,51.340736372,7,7,7,Alt-West
250584,14221116144200909000,14,7,13,000,2022,11,17,4,2,6,2,2,1,0,1,1,0,0,0,"735083,595160407945514","5698321,640040580183268",12.378860764,51.3873627200001,9,9,9,Nord
250591,14221029148110777000,14,7,13,000,2022,10,02,7,3,0,1,2,0,1,0,0,0,0,0,"734739,807976003969088","5695509,527384690009058",12.372071598,51.3622625360001,9,9,9,Nord
250599,14221103148110808530,14,7,13,000,2022,11,16,5,3,2,6,0,0,0,1,0,0,0,0,"738124,423865817952901","5697565,111623080447316",12.4219763940001,51.379304894,1,1,1,Nordost
250601,14221109148110814470,14,7,13,000,2022,11,14,4,3,3,2,0,0,1,1,0,0,0,0,"732535,082268896978348","5696115,906152419745922",12.340854957,51.368612365,8,8,8,Nordwest
250606,14221201148210888760,14,7,13,000,2022,12,16,5,3,5,2,2,1,1,1,0,0,0,0,"736694,040524960961193","5689656,160087799653411",12.3962027480001,51.3089110970001,4,4,4,Süd
250616,14221130148310930260,14,7,13,000,2022,11,17,4,3,3,6,2,0,1,1,0,0,0,0,"731541,954577762982808","5693002,259043009951711",12.3245865270001,51.3410674680001,7,7,7,Alt-West
250617,14221107148310807800,14,7,13,000,2022,11,16,2,3,5,3,1,0,1,1,0,0,0,0,"731846,603429025039077","5691597,133456899784505",12.328038496,51.3283298040001,5,5,5,Südwest
250618,14221018144200766290,14,7,13,000,2022,10,15,3,3,5,3,0,1,1,1,0,0,0,0,"737445,879264089046046","5691723,792869670316577",12.4083467340001,51.3271572690001,3,3,3,Südost
250636,14221203148320909360,14,7,13,000,2022,12,22,7,3,8,1,2,1,0,1,0,0,0,0,"729560,708524822024629","5695020,238349200226367",12.297491139,51.3599863220001,7,7,7,Alt-West
250637,14221209148110909320,14,7,13,000,2022,12,14,6,3,2,2,0,0,0,1,0,0,0,0,"738793,855472923954949","5696053,797423769719899",12.4305628440001,51.365458543,1,1,1,Nordost
250648,14221112148410822590,14,7,13,000,2022,11,14,7,3,2,6,0,0,0,1,0,0,0,1,"737038,415930398972705","5693764,188003770075738",12.4038666590001,51.345641991,2,2,2,Ost
250655,14221109148110842860,14,7,13,000,2022,11,07,4,3,5,2,0,1,1,1,0,0,0,0,"734639,327935200999491","5695408,289670719765127",12.3705640920001,51.3613952920001,9,9,9,Nord
250656,14221123144200852120,14,7,13,000,2022,11,15,4,3,5,2,0,1,1,1,0,0,0,0,"735588,469698862056248","5692244,459436180070043",12.3820793510001,51.332603143,0,0,0,Mitte
250660,14221202148210887080,14,7,13,000,2022,12,12,6,3,1,1,0,1,0,1,0,0,0,0,"734854,031369937001728","5690900,483056499622762",12.3706699270001,51.3208427710001,4,4,4,Süd
250672,14221105148423814540,14,7,13,000,2022,11,12,7,3,6,6,0,0,1,0,1,0,0,0,"737507,728956141043454","5691547,036316970363259",12.409115075,51.3255448730001,3,3,3,Südost
250673,14221018144200808450,14,7,13,000,2022,10,17,3,3,6,6,1,1,1,0,1,0,0,0,"737212,282725110999309","5694371,015519640408456",12.406762993,51.3510163930001,1,1,1,Nordost
250684,14221103148410843860,14,7,13,000,2022,11,14,5,3,5,3,0,0,1,0,0,0,0,1,"737537,291625482030213","5693649,770916660316288",12.410940558,51.3444067670001,2,2,2,Ost
250687,14221125144200865160,14,7,13,000,2022,11,07,6,2,6,4,0,1,0,1,1,0,0,0,"733884,261996141984127","5697037,235216359607875",12.360809197,51.3763287470001,9,9,9,Nord
250689,14221219144320065940,14,7,13,000,2022,12,22,2,3,3,5,2,0,1,1,0,0,0,0,"734844,680318364989944","5693208,505893849767745",12.372057039,51.3415643910001,0,0,0,Mitte
250692,14221209148110007270,14,7,13,000,2022,12,18,6,3,4,1,2,1,0,1,0,0,0,0,"735739,095790238003246","5695365,292428130283952",12.3863040630001,51.3605541370001,9,9,9,Nord
250698,14221026148110777770,14,7,13,000,2022,10,08,4,3,6,6,0,0,0,1,1,0,0,0,"737469,987633905955590","5694623,941542360000312",12.410625779,51.3531790580001,1,1,1,Nordost
250702,14221129148410909020,14,7,13,000,2022,11,07,3,3,3,6,2,1,1,1,0,0,0,0,"734003,928418357041664","5692359,860019080340862",12.359449779,51.3342931380001,0,0,0,Mitte
250705,14221223144200968330,14,7,13,000,2022,12,12,6,3,5,3,0,0,1,1,0,0,0,0,"739556,617468568030745","5687443,056246739812195",12.4357126640001,51.287849232,3,3,3,Südost
250711,14221106148410842900,14,7,13,000,2022,11,14,1,3,6,1,0,0,1,0,1,0,0,0,"735463,046423314022832","5694266,531547360122204",12.381619088,51.3508058150001,0,0,0,Mitte
250716,14221119148110852140,14,7,13,000,2022,11,14,7,3,6,2,0,0,0,1,1,0,0,0,"732389,237425382016227","5696302,015689959749579",12.338885051,51.3703426870001,8,8,8,Nordwest
250726,14221109148110814480,14,7,13,000,2022,11,13,4,3,5,3,0,0,0,1,0,0,0,0,"729123,935246251989156","5694960,019316440448165",12.2911895140001,51.3596220160001,7,7,7,Alt-West
250729,14221104144200892990,14,7,13,000,2022,11,14,6,3,5,3,0,0,0,1,0,0,0,0,"735411,442063124966808","5690456,341834809631109",12.3783618800001,51.316625668,4,4,4,Süd
250730,14221016148410766620,14,7,13,000,2022,10,13,1,3,6,4,0,0,1,0,1,0,0,0,"737522,000976474955678","5693457,435465410351753",12.4105931170001,51.3426867470001,2,2,2,Ost
250731,14221110148410814520,14,7,13,000,2022,11,00,5,3,3,1,2,0,1,0,0,0,0,0,"736626,749891891027801","5693419,612990199588239",12.3977373340001,51.342720522,2,2,2,Ost
250733,14221126148110864750,14,7,13,000,2022,11,09,7,3,0,1,0,1,1,0,0,0,0,0,"735697,558940278016962","5695730,993159979581833",12.3859508360001,51.363853981,9,9,9,Nord
250741,14221103144200886120,14,7,13,000,2022,11,07,5,3,5,3,0,0,0,1,0,0,0,0,"734806,584339997963980","5692365,960883409716189",12.37095566,51.3340171020001,0,0,0,Mitte
250743,14221108144200814890,14,7,13,000,2022,11,14,3,3,5,3,0,0,1,1,0,0,0,0,"739324,987077257013880","5695694,790977139957249",12.437936898,51.3620127090001,1,1,1,Nordost
250749,14221202148110887070,14,7,13,000,2022,12,12,6,2,0,7,0,1,0,1,0,0,0,0,"735059,404008619952947","5695923,306094530038536",12.3769275450001,51.3658446170001,9,9,9,Nord
250751,14221018148322765320,14,7,13,000,2022,10,12,3,3,1,5,0,0,1,1,0,0,0,0,"730360,824901422020048","5692010,011527400463820",12.307016069,51.3326398120001,7,7,7,Alt-West
250753,14221101144200843160,14,7,13,000,2022,11,16,3,3,3,5,0,0,1,1,0,0,0,0,"739831,966001573950052","5692308,241983479820192",12.442924367,51.3314022750001,2,2,2,Ost
250759,14221129148110966651,14,7,13,000,2022,11,09,3,3,0,7,0,0,0,0,0,0,0,1,"735417,258187456056476","5693040,576914220117033",12.3801521520001,51.3398202390001,0,0,0,Mitte
250767,14221024144200765180,14,7,13,000,2022,10,13,2,3,5,3,0,0,0,1,0,0,0,0,"729707,815720453043468","5690341,050083509646356",12.296582776,51.317921482,6,6,6,West
250773,14221110148110814910,14,7,13,000,2022,11,07,5,3,5,2,0,0,0,1,0,0,0,1,"734041,609334495035000","5696705,858055810444057",12.362847835,51.3732893430001,9,9,9,Nord
250774,14221126148310864420,14,7,13,000,2022,11,05,7,3,1,1,2,1,0,1,0,0,0,0,"731187,904005583957769","5694454,482495649717748",12.320455146,51.3542479290001,7,7,7,Alt-West
250776,14221221144200939120,14,7,13,000,2022,12,20,4,2,5,3,2,1,1,1,0,0,0,0,"735329,901529078953899","5692191,928714030422270",12.3783396150001,51.3322386460001,0,0,0,Mitte
250778,14221206148210019870,14,7,13,000,2022,12,15,3,3,0,7,0,1,0,1,0,0,0,0,"735680,147937776055187","5690463,284000270068645",12.3822154270001,51.3165767720001,4,4,4,Süd
250779,14221210148110929480,14,7,13,000,2022,12,09,7,3,5,3,0,2,0,1,0,0,0,1,"738564,472911217948422","5696745,050918419845402",12.4277375880001,51.3717594820001,1,1,1,Nordost